Book ID,Book Name,Admin Type,Province,County,Address,Dynasty,Period,Edition,Volume,Author,Source,Book Year,Edition Year,TimeSpan:begin,TimeSpan:end,Longitude,Latitude,Page,Section Name,Content
"3249","元江志","0","玉溪地區","NULL","(民國)元江志稿三十卷卷首一卷卷末一卷 ","民國","民國","","稿三十卷卷首一卷卷末一卷","","eastview","0","0","0","0","0","0","1362994","1-軍事","元江志稿 卷十二 武備志二　軍事　　　　　九 ━ 新平縣志 明天啓四年八月新化新平賊首魯魁魯克等伏箐 略地方巡撫閔洪學檄分守副使胡其　遊擊劉崇禮搜捕俘 斬餘黨悉平立十二哨於其地戍之 陳鼎滇黔紀遊 元江武定之間有魯葵山方千里民皆蓄髮刼 掠流毒官兵不能制地險絕鴻荒以來未見天日過此則銀場 在焉富甲於江浙 按魯葵 卽魯魁 安效良之變　 滇海虞衡志 天啓間安效良叛攻馬龍巡撫王佐 調景東土兵統象隊逆戰一象奮勇衝陣土兵乘之大破蠻兵 象歸營猶氣勃勃始斃箭鏃滿身王佐爲立碑建坊葬之馬龍 北關外表曰忠勇義象 淸代之軍事 明淸過渡之兵事　 舊州志 順治十六年大師平滇土酋那嵩與 僞總兵高應鳳許名臣暗通李定國叛官兵討平之 新平縣志 順治十六年元江土酋那嵩起兵應永曆帝 續通志輯覽 永暦帝之走永昌也道過元江土知府那嵩與其 子燾迎謁供俸甚謹設宴皆用銀器宴畢悉以獻曰此行上供 者少聊以佐缺乏耳永暦帝旣走緬甸李定國不敢深入聞白 文選在木邦就之謀與文選計不合定國乃引兵自孟定過耿 馬抵緬孟艮不附定國移兵滅之據其地遣使號召諸土司兵 嵩亦於沅江起兵應之淸兵追討城破嵩登樓自焚合家皆死 "
"3954","新繁縣志","0","溫江地區","NULL","(同治)新繁縣志十六卷卷首一卷 ","清","同治","","十六卷卷首一卷","","eastview","0","0","0","0","0","0","1615559","1-雜著","新繁縣志　 卷十五 藝文雜著 　　五十七 見重於臨卭遂致延於臯座腹寒武庫徒爲絳帳之陳 學愧文翁乃樹靑雲之幟然而識途老馬曾經雪嶺千 重掉臂專城猶剩婆心一片所願諸生最上立德其次 立言穩定腳跟看送我者之自崖返步放開眼界如登 山者之決眦入雲升史漢之堂而抉其精後來居上攦 工倕之指而有其巧靑出於藍厯一層更有一層忙如 夸父追日進幾步纔算幾步快著祖逖先鞭匡大夫之 謝値傭書貧猶可學蘇季子之引錐刺股苦亦堪嘗冀 聽講於游魚期點頭於頑石幸爲囊錐之處莫干鳴鼓 之攻有志事竟成蓬室能儲國士器苦心天不負菜羹 亦現狀元身 黃華碑考　　　　　　　　 知縣 張文珍 老人姓王名庭筠字子端河東人也善詩詞金大定十 六年進士負文學盛名召試館職中選爲臺臣所阻乃 卜居彰德買田隆慮讀書黃華山寺因以爲號平生嗜 古法書多所鑒定有雪溪堂帖傳世又陳鼎滇黔紀遊 云老人石刻在大理崇聖寺字大如碗筆法飛舞相傳 以檳榔殻蘸墨書者老人爲宋元閒人自江石來往久 "
"3131","永寕州志","0","安順地區","NULL","(道光)永寕州志十二卷卷首一卷","清","道光","","十二卷卷首一卷","","eastview","0","0","0","0","0","0","1326468","1-考","𣱵𡨴州志 卷十一 藝文上 　　　　　　 十二 江其上流卽貴州可渡河流入州境又東南流貴州 安南衞羅平州東南有盤江下流貴州募役司通志 云盤江源出烏撒可渡河可渡河東南流迤西木東 汛有花魚洞水西來注之又南至龍塲汛有水自曲 靖府界流來注之又南至安南縣東北有落白河自 曲靖府界東流注之陳鼎滇黔紀遊云盤江源出烏 撒苗境深山中冬日水涸始見其泉凡七十七處俱 臨於一溪遶曲靖府經畢節而注於安南觀此則黔 盤江之上流可見矣考黔盤江之下流通志云盤江 水又南至九盤山迤東至花江汛南有白水河得𣱵 𡨴州之關嶺㶚陵橋水南流至鎭𡨴西而南合菜子 河水至𡨴谷司又南合𣱵豐州西北之打罕河南來 注之又有拖長江自普安州沙泥巖東南流來注之 又有卜者河軟橋河板橋河東南流注之又南籠府 有都城河自安南縣界得江西坡水至髙武汛西合 馬畢河南流合魯溝河過普市合大坡哨水東過府 南界而東流注之又南至𣱵豐州西南而東南過泗 城府入於粵達於海明史云泗城州西有南盤江自 "
"4049","沅州府志","0","黔陽地區","NULL","(同治)沅州府志四十卷卷首一卷","清","同治","","四十卷卷首一卷","","eastview","0","0","0","0","0","0","1659500","1-拾遺","沅州府志 卷之四十 拾遺 　　　　　十一 興隆衞卽古牂牁郡今省入黃平州歴三十里渡重 安江江之上流接新添衞諸山之水合平越葛鏡橋 麻哈江下入古州八萬經生苗地二千餘里達黔陽 合大溪趨洞庭以入大江者也 陳鼎滇 黔紀遊 麻陽江口有桐坡寨又名老屋冲其山多桐樹常有 雲覆其上雲向外飛則天晴內飛則天雨人以此爲 晴雨之驗 麻陽 縣志 張扶翼紀異錄段生珖遠字公亨黔陽子弟鄕人余 初涖黔時所首拔士也行篤而文優生二子長正宸 次正栻順治己丑邑爲亂兵所據賊獲生將死之正 栻從山上呼賊緩父死卽趨賊以代父賊義之釋其 父並予之衣與鹽後正宸死正栻有子而幼生負往 宅後廟中與之嬉由宅至廟可三里許日過午負孫 歸途次見正宸自後至代生負竟不知其已死與之 孫負以隨比至宅後正宸以所負兒還付生生驚悟 忽不見生篤行君子也爲余言如是余曰嗟呼是何 君兒之多孝子也正栻不難捐其生以免父之死止 宸且忘其身之死以代父之負父子兄弟祖孫依依 "
"3187","浪穹縣志","0","大理白族自治州","NULL","(光緒)浪穹縣志略十三卷","清","光緒","","略十三卷","","eastview","0","0","0","0","0","0","1347097","1-物産","浪穹縣志畧　 卷二　　　　　　　卅三 黑竹　 ︹ 師範滇繫 ︺ 出浪穹色黑可爲簫管 仙人掌　 ︹ 舊志 ︺ 有高丈許大數圍成木本者師範滇繫 葉肥厚如掌多刺相接成枝花名玉英色紅黃實似 小瓜可食 雲香韭　 ︹ 舊志 ︺ 産羅坪山 ︹ 一統志 ︺ 一名五葉芸香能治 瘴毒入夷方者携之如嚼此草無味便知中毒服其 汁吐之自解一名韭葉雲香能治瘴瘧 薄荷　 ︹ 舊雲南通志 ︺ 大理浪穹者佳 ︹ 滇南本草 ︺ 滇南火 地所産不同老人常服髮白轉黑 連翹　 ︹ 舊志 ︺ 縣屬産 ︹ 陳鼎滇黔紀游 ︺ 洱海連翹花遍於 籬落黃色可觀 木札鳥　 ︹ 樊綽蠻書 ︺ 西洱河及昆池之南接滇池冬月 魚雁鴨蚌雉水札鳥遍於野中水際 ︹ 舊志 ︺ 其血能治 小兒痞疾 白鷴　 ︹ 舊志 ︺ 一名拖白練 ︹ 秋坪新語 ︺ 白鷴狀類家雞秃 首小而銳毛色微黃如乳鵝飮水啄粒無異常畜及 長長頸修翎烏喙丹趾首翹朱冠目熒金彈徧身白 質鮮潔如雪而黑章作水縐紋蹴縮然尾長數尺若 曳匹練墨紋層曡宛如微波因風而瀠洄鳴則喌喌 如索鬥狀時飛鳴於巨樹暮則棲樹杪不去 "
"3308","滇繹四卷","0","雲南","NULL","滇繹四卷","未確定","未確定","","","","eastview","0","0","0","0","0","0","1377078","1-古佛國","古佛國 陳鼎滇黔紀游言滇西爲古佛國名山多見於佛經如賓川雞足山鼎謂佛大弟子摩 訶迦葉釋迦衣鉢入定於此雖有附會不盡誣也大唐西域記屈屈叱播陀山唐言雞 足山也後漢郡國志揲楡縣注俗言鳳凰死山衆鳥來弔雲南縣注有山特高大狀如 扶風太一明一統志香岩在點蒼山中峯之半香從空中來世傳釋迦苦行地也吳梅 村詩洱水與蒼山佛敎之齊魯 "
"3221","石屏州志","0","紅河哈尼族彝族自治州","NULL","(乾隆)石屏州志八卷","清","乾隆","","八卷","","eastview","0","0","0","0","0","0","1354942","1-雜紀","石屏州志　 卷八 雜紀 　　　　　　十六 ━ 縳牛尾 山村中有牛尾上樹之痾謂虎魄 倒縳牛尾事甚奇何其偀親見之 盧鹿㸑 卽玀玀音訛耳玀俗二月丑日祭龍六月二十四日爲 年凡三五年新易祖位爲換祖病不信醫信巫剪紙招 魂宰豕以松火燎之切生肉爲小臠合蔬蒜雜食之謂 之火宰交易不用書契削木片刻以紀數剖之各執半 謂之木刻通漢人文字者謂之白馬其字以横行卜用 雞骨甚靈以草爲囊繫臂間納需用小物其中謂之剖 費童男女竹𥰓成聲和歌相誘謂之響𥰓鄕勇以靑布 纒頭如斗大上戴以皮盔以綿爲甲以鏢刺人伏草間 殺人謂之坐草屏中彛人有土獠山蘇倭泥蒲 喇僰夷其俗大約相似惟土獠以十月朔爲年 魂　化 僰夷臥於家尸魂化猫犬之類害人家 嬰兒知者執而痛撻之卽現眞形乞命 刴生叫魂 凡夷人會飮切生肉雜野蔬與蒜食之謂之刴生人 偶有病合飯一盂雞子一枚以病者之衣包裹門外 招之謂 之叫魂 夷　性 玀好山僰好水玀形黑而悍僰形晳而孱卽古黑白㸑 二種也與人不相能以藥陰入飮食中久而後發非彼 藥療之至 死不救 祀　龍 夷人多祀龍神繪像騎五色龍剪𥿄爲旐始事時 村巫通夕歌舞謂之招兵漢民惑之今已遵禁 木　枷 江陰陳鼎滇黔紀遊載滇㸑負貨物頂戴木枷相 傳武侯設此以别漢夷貴賤非也殆便負戴耳 扁　米 五郞溝僰人當糯穀方實時採其穉者 焙而舂之色碧而軟美且芳謂之扁米 耕　作 夷民不習紡織男女皆刀耕火種力作最苦耕用二牛 前挽中壓後驅平地種豆麥山地種荍稗服食儉約俗 尚古 樸 婚　姻 夷人求婚請人至女家致辭讌酒卽爲允諾以尺 帛銀飾爲定娶後仍歸母家俟生有子始回夫家 咂　酒 俗以膏粱大麥釀酒凡宴待賓客先設架置酒壜於上 貯以凉水揷竿於內客至主人先咂以示先嘗之意客 次之咂時盛水候咂畢而注於壜視水之盈縮以驗所 飮之多寡不及則請再行冬月置火於壜下取其熱也 歌　曲 夷人各種皆有歌曲跳躍歌舞樂工稱細樂筝笛琵琶 諸器與漢制同其調亦有寄生草叨叨令一封書等名 "
"3128","興義府志","0","興義地區","NULL","(咸豐)興義府志七十四卷卷首一卷續編二卷","清","咸豐","","七十四卷卷首一卷續編二卷","","eastview","0","0","0","0","0","0","1324169","1-引用書目","興義府志 卷首 引用書目　　　十八 　 貴陽文通書局代印 崇禎歷 明徐光啓 　　　　　歷算全書 梅文鼎 天元歷理 徐發 　　　　　　天皇會通 古經天象考 雷學淇 　　　　黔中分野圖 山海經 夏伯益 　　　　　　南中志 地道記 晉王隱 　　　　　　華陽國志 晉常璩 太康地志 晉杜預 　　　　　道里記 隋蔡允恭 括地志 唐蕭德言 　　　　　十道志 唐梁載言 元和郡縣志 唐李吉甫 　　　海內華夷圖 唐賈耽 山河兩戒考 唐一行 　　　　寰宇記 宋樂史 九域志 宋王存 　　　　　　地域指掌圖 宋稅安禮 元一統志 元岳　 　　　　　天下地圖 元朱思本 明一統志 明李賢 　　　　　廣輿圖 明羅玘 方輿志　　　　　　　　　徐霞客遊記 明徐宏祖 黔記 明郭子章 　　　　　　明貴州通志 明沈思充 明修貴州通志 明謝東山 　　明普安州志 明沈勗 明修普安州志 明婁廣 　　　明安南衞志 皇朝職貢圖 傅恒 　　　　　皇朝一統圖 李兆洛 皇輿表　　　　　　　　　天下郡國利病書 顧炎武 讀史方輿紀要 顧祖禹 　　　地理今釋 滇黔紀遊 陳鼎 　　　　　　黔書 田雯 康熈貴州通志 衞旣齊 　　　普安州志 安南縣志 曾紀常 　　　　　南籠府志 李其昌 "
"3128","興義府志","0","興義地區","NULL","(咸豐)興義府志七十四卷卷首一卷續編二卷","清","咸豐","","七十四卷卷首一卷續編二卷","","eastview","0","0","0","0","0","0","1324520","1-水道","興義府志 卷十二 水道　　　　十一 　 貴陽文通書局代印 卽此也 。 考黔盤江上流 。 明史云 。 烏撒府西 。 有盤江 。 出府西亂山中 。 經府南爲可渡河 。 入畢節衛界 。 曲靖府北 。 有白石江流 。 合城南之 瀟湘江 。 又東南 。 合左小江 。 亦謂之南盤江 。 下流環雲南澂江廣西 三府之境 。 至羅平州 。 入貴州界 。 霑益州北 。 有北盤江 。 其上流卽貴 州可渡河 。 流入州境 。 又東南流 。 貴州安南衞 。 羅平州東南 。 有盤江 。 下流貴州募役司 。 通志云 。 盤江 。 源出烏撒可渡河 。 可渡河東南流 。 迤西木東汎 。 有花魚洞水西來注之 。 又南至龍塲汛 。 有水自曲靖 府界流來注之 。 又南至安南縣東北 。 有落白河 。 自曲靖府界東流 注之 。 陳鼎滇黔紀遊云 。 盤江 。 源出烏撒苗境 。 深山中 。 冬月水涸 。 始 見 。 其泉凡七十七處 。 俱臨於一溪 。 遶曲靖府 。 經畢節而注於安南 。 觀此則黔盤江之上流可見矣 。 考黔盤江之下流 。 通志云 。 盤江水 。 又南至九盤山 。 迤東至花江汎 。 南有白水河 。 得永甯州之關嶺灞 陵橋水 。 南流至鎭甯西 。 而南合菜子河水 。 至甯谷司 。 又南合永豐 州西北之打罕河 。 南來注之 。 又有拖長江 。 自普安州沙泥巖 。 東南 流來注之 。 又有卜者河 。 軟橋河 。 板橋河 、 東南流注之 。 又南籠府有 都城河 。 自安南縣界 。 得江西坡水 。 至高武汛 。 西合馬畢河 。 南流合 魯溝河 。 過普市 。 合大坡哨水 。 東過府南界 。 而東流注之 。 又南至永 豐州西南 。 而東南過泗城府 。 入於粤 。 達於海 。 明史云 。 泗城州西 。 有 南盤江 。 自貴州募役司 。 流入下流 。 爲南甯府之左江 。 南甯府之宣 化州西南 。 有大江 。 其上有二 。 一爲南盤江 。 經府城南 。 曰右江 。 觀此 則黔盤江之下流可知矣 。 明史云 。 安順府西南 。 有北盤江 。 自雲南 霑益州流入 、 永甯州西 。 有北盤江 。 自普安州流入募役司東 。 有北 "
"3622","裏塘志","0","甘孜藏族自治州","NULL","(嘉慶)裏塘志略二卷","清","嘉慶","","略二卷","","eastview","0","0","0","0","0","0","1510103","1-雜記","裡塘志畧 卷下　　　　　　　　二十 石爲樓此爲碉樓之始以余所見向之石樓尙有在 者今明正司之臥龍中谷裡塘土司之上俄洛兩八 角樓翼然是卽武侯遺蹟歟 陳鼎滇黔紀遊云金沙兩岸皆白沙佛書所謂恒河 卽此也上流卽狗頭國昔年大水漂一狗頭人至岸 上下衣服同中國口耳眉目皆狗也逾日得土氣狗 人復生問其言答之如狗吠與之飮食□嚼也土官 解來大理軍門府因得寓目後軍門命土官解還原 處解人行一百二十餘日始抵其國國中無城郭國 王朱冠皂履𨂍白馬佩刀官吏皆如之飮食起居中 國同也婚嫁則非云云似實有其國矣然攷金沙江 上流在西域喀木地其源出惡洛木拜圖流入木魯 烏蘇等處經巴塘入裡塘界之勺朱鄉城復出巴塘 界之崩子勒入雲南之麗江府界其所經厯地卽今 西寧出口至西藏草地以及叠爾格三瞻對等處 處番民　　　　　　常人無所謂狗頭國也陳氏 "
"6735","雲南備徵志","0","雲南","NULL","(道光)雲南備徵志二十一卷","清","道光","","二十一卷","","eastview","0","0","0","0","0","0","2049145","1-滇黔紀遊","滇黔紀遊 錄雲南　國朝陳鼎著 平彞縣本衞地明乙亥年始改縣設吏南渡兩重石橋道 旁有淸溪洞深十餘里諸景與碧雲相類大抵洞者皆洪 水趨洩之門戸也其中景勝凡洞俱有皆大同小異俱碧 乳融成石罅水氣所結如兩廣之神仙閩中之玉華廬中 之崔仙湖廣之梵陽景與碧雲半相類矣出淸溪後戸卽 紫泉洞亦幽深可愛遊者不倦過揚威哨皆如中原坦道 兩山繁林木矣又多鸚鵡諸禽鳴聲上下頗傾客耳 交水卽新霑益州舊治去交水西北百十里往烏撒必由 之道交水兩水相交平疇萬頃民物豐阜恍如江南風景 矣去予留寓之曲靖府方三十里耳 "
"6735","雲南備徵志","0","雲南","NULL","(道光)雲南備徵志二十一卷","清","道光","","二十一卷","","eastview","0","0","0","0","0","0","2049158","1-滇黔紀遊","備徵志 卷十四　　　　　　　 故實  二十 八 趙風所屬祿勸州有洪治山巓有火池陰雨則熾 永昌府瘴癘最濃產寶石掘者往往瘴死井中出圍碁子 光潤如玉琢勝會城出者鐵索橋數處架萬仞山巓險過 盤江百倍然窄易渡耳 滇西多蜜餞物蜜甚多彞人撲得大蜂以長線繫其腰識 以色紙迎風放之乃集衆荷畚鍤隨行度越山嶺蜂八土 竅從而掘之其穴大如城郭輒得蜜數百斛故檳榔香附 橙柑木瓜香𣝵梅李川芎瓜茄多以蜜漬供客復以酒醉 羣蜂餉親友如温台之海味也蚱蜢油炙如鰕或晒乾下 酒猓猓男婦小兒見草中螽斯之屬卽歡笑撲取火其毛 嚼吞之 滇中苗猓僰爨麽些之屬擔負貨物項戴半木枷徒行亦 不暫脫相傳武侯定南蠻設此號令羣彞使其不敢與漢 人爲伍以別貴賤殊不知非也彼戴木枷者殆可負重以 便工作耳 四庫全書史部地理類存目提要 附錄 滇黔紀游二卷 國朝陳鼎撰鼎字定九江陰人是編爲其客游滇黔時所 紀上卷紀黔下卷紀滇於山川佳勝敘述頗爲有致而 不免偶出鄙語又記楚雄姚安開化三郡曰余徧游三 "
"3323","雲南通志","0","雲南","NULL","(道光)雲南通志稿二百十六卷卷首三卷","清","道光","","稿二百十六卷卷首三卷","","eastview","0","0","0","0","0","0","1380757","1-郵傳下","雲南通志　 卷四十二 建置志四之二　郵傳下 　二十一 郵程 有桂花洞老桂樹一本百尺根盤洞底枝出洞外秋 華時香徹他山 ︹ 陳鼎滇黔紀游 ︺ 平彝南渡兩重石橋 道旁有淸溪洞過揚威哨皆如中原坦途兩山 繁林木美又多鸚鵡諸禽鳴聲上下頗淸客耳 五十 里至霑益州南甯驛 ︹ 舊雲南通志 ︺ 南甯驛五十里至 白水驛 ︹ 師範滇繫 ︺ 南甯達白水 號三亭阿幢橋分水交水實八亭交水平川可走 踰阿幢橋有大道走曲靖府號三岔路有𨮯溝哨 七 十里至馬龍州馬龍驛 ︹ 舊雲南通志 ︺ 馬龍驛五十里 至三岔驛三岔驛三十里至 南甯驛 ︹ 師範滇繫 ︺ 馬龍三亭而達南甯驛馬始用昆 蹄昆蹄也者範金飾馬蹄以禦石齒爾雅曰昆蹄善 升甗郭璞曰甗山形如甑或曰周 公通九夷時所制也有響水關 八十里至尋甸州 易隆驛 ︹ 舊雲南通志 ︺ 易隆驛三十五里至古城驛古 城驛四十里至馬龍驛 ︹ 師範滇繫 ︺ 易隆達馬 龍州號三亭趙福白塔昌隆實八亭途經小關索嶺 古城堡魯婆伽巡檢司夾路多鬥楊花丹素二采 ︹ 陳 鼎滇黔紀游 ︺ 易隆驛屬尋甸州東坡有城卽木 密所也今已傾圮去城十里許有溫泉可澡 六十 五里至嵩明州楊林驛 ︹ 舊雲南通志 ︺ 楊林驛七十里 至易隆驛 ︹ 師範滇繫 ︺ 楊林所 達易隆驛號三亭納禧羅傍實七亭羅傍山枕楊林 海子方如支郡子城有漁舟百十艘黃土坡沿海扼 塞昔殲騰永叛卒於此 ︹ 陳鼎滇黔紀游 ︺ 大鼎 山有海潮寺面海子去寺半里道傍有毒泉 六十里 至昆明縣版橋驛 ︹ 舊雲南通志 ︺ 版橋驛六十里至楊 林驛 ︹ 師範滇繫 ︺ 版橋達楊林所號 三亭實六亭 者察赤水鵬 四十里至昆明縣滇陽驛 ︹ 舊雲南通志 ︺ 滇陽驛三十 里至版橋驛 ︹ 師範滇繫 ︺ 雲南治城三亭而達版橋驛 近郊有金馬關 ︹ 陳鼎滇黔紀游 ︺ 版橋驛出西關三十 五里離鷓鴣哨度石梁而至歸化寺去滇城止五里 矣登金馬山俯瞰城中煙火萬家樓閣參差雙目頓 爽 也 自交水分路東北至四川永甯縣路程 ︹ 大淸會典事例 ︺ 由南甯驛分道三十里至霑益州松林驛 "
"3323","雲南通志","0","雲南","NULL","(道光)雲南通志稿二百十六卷卷首三卷","清","道光","","稿二百十六卷卷首三卷","","eastview","0","0","0","0","0","0","1381747","1-物產一","雲南通志　 卷六十七 食貨志六之一　物產一 　　　三 雲南通省上 蜂蜜　 ︹ 陳鼎滇黔紀遊 ︺ 滇西蜜甚多彝人撲得大蜂以 長繩繫其腰識以色紙迎風放之乃集衆荷畚鍤隨 行及度越山嶺蜂入土竅從而掘之其穴大如城郭 輒得蜜數百斛故檳榔香附橙柑木瓜香櫞梅李川 芎瓜茄多以蜜漬供客復以酒醉羣蜂餉親友如溫 台之海味也 ︹ 檀萃滇海虞衡志 ︺ 崖蜜產於滇山民因 崖累石爲窩以招蜂而蜂聚其蜜甚白 武定山民有養至 百窩者家大饒裕 蠟　 ︹ 舊雲南通志 ︺ 有黃蠟白蠟栗蠟三種 ︹ 李時珍本草 綱目 ︺ 唐宋以 前所用白蠟皆蜜蠟也此蟲白蠟則自元以來人始 知之今則爲日用物矣四川湖廣滇南閩嶺吳越東 南諸郡皆有之以川滇衡永產者爲勝蠟樹枝葉狀 類冬靑四時不凋五月開白花成叢結實纍纍大如 蔓荆子生靑熟紫冬靑樹子則紅色也其蟲大如蟣 虱芒種後則延緣樹枝食汁吐涎黏於嫩莖化爲白 脂乃結成蠟狀如凝霜處暑後則剝取謂之蠟渣若 過白露卽黏住難刮矣其渣煉化濾淨或甑中蒸化 𤁋下器中待凝成塊卽爲蠟也其蟲嫩時白色作蠟 及老則赤黑色乃結苞於樹枝初若黍米大入春漸 長大如雞頭子紫赤色纍纍抱枝宛如樹之結實也 蓋蟲將遺卵作房正如雀甕螵蛸之類今俗呼爲蠟 種亦曰蠟子子內皆白卵如細蟣一苞數百次年立 夏日摘下以箬葉包之分繫諸樹芒種後苞拆卵化 蟲乃延出葉底復上樹作蠟也樹下要潔淨防蟻食 其蟲又有水蠟樹葉微似榆亦可放蟲生蠟甜儲樹 亦可產蠟檀萃滇海虞衡志白蠟川滇之重貨也本 出於越巂夷人傳此法其後川滇及東南諸郡俱種 之白蠟徧行天下而黃蠟之用遂微其樹汪機以爲 卽冬靑樹李時珍以爲樹似冬靑今江鄕謂之山蠟 樹以別於水蠟樹水蠟樹批枝插之無不活幾如插 柳繞池塘陂堰盡插之總呼蠟樹往行黔中山坳閒 皆水蠟以其旺故也水蠟成拱從七八尺上斫其木 枿生競挺脩枝長條皆蠟生之地也生而刮之而樹 "
"3323","雲南通志","0","雲南","NULL","(道光)雲南通志稿二百十六卷卷首三卷","清","道光","","稿二百十六卷卷首三卷","","eastview","0","0","0","0","0","0","1381756","1-物產一","雲南通志　 卷六十七 食貨志六之一　物產一 　　十二 雲南通省上 不通服之卽效 蓴　 ︹ 舊雲南通志 ︺ 大理浪穹者甚香美 莙薘菜　 ︹ 本草 ︺ 恭一名莙薘菜 ︹ 徐炬事物原始 ︺ 恭菜似 升麻煑食之 ︹ 滇南本草 ︺ 甜菜味甘平治中膈冷痰存 於胷中服之效不可多食 樹頭菜　 ︹ 舊雲南通志 ︺ 石屏者佳 石花菜　 ︹ 檀萃滇海虞衡志 ︺ 石花菜卽海之紫菜生於 石上作湯碧綠可愛味亦佳蒙自祿勸俱出之 瓠　 ︹ 舊雲南通志 ︺ 雲南縣者佳 ︹ 陳鼎滇黔紀游 ︺ 太和縣 匏可盛粟二十斛片之可爲舟航 ︹ 滇南本草 ︺ 瓠匏味 甘微苦形似西瓜匏腰細頭尖者葫蘆今人呼爲瓢 作裝水之器具分甜苦兩種甜者不入藥苦者能利 水除面目邪氣四肢浮腫利水道透痳症淸心肺除 煩熱採葉搗爛曬乾爲末盛瓶內隨帶身邊或出行 逢渴時用一分入水飮之不中水毒或蛇蟲蝦蟆扒 過之物人悞食中毒用此能解再加雄黃能解啞瘴 山嵐之毒又加松筆頭解一切火毒凡中夷人之毒 但服此方俱可二三分不可多用開水下又瓠子一 名葫蘆又名龍蛋瓜又名天瓜味甘寒治小兒初生 周身無皮用瓠子燒灰調菜油擦之甚效又治左癱 "
"3323","雲南通志","0","雲南","NULL","(道光)雲南通志稿二百十六卷卷首三卷","清","道光","","稿二百十六卷卷首三卷","","eastview","0","0","0","0","0","0","1381763","1-物產一","雲南通志　 卷六十七 食貨志六之一　物產一 　　十九 雲南通省上 李　 ︹ 郭義恭廣志 ︺ 李戎州所出肉熟而皮猶綠 ︹ 雜考 ︺ 江 南建甯有均亭李紫色極肥大味甘如蜜南方之李 此實爲最 ︹ 舊雲南通志 ︺ 有荆山麥熟苦李數種 桃　 ︹ 唐書南蠻傳 ︺ 自夜郞滇池以西有桃李 梨　 ︹ 舊雲南通志 ︺ 晉甯者佳 ︹ 檀萃滇海虞衡志 ︺ 梨兩廣 無而滇最多楚雄之梨黑似壞者乃係本色味佳也 ︹ 陳鼎滇黔紀游 ︺ 太和梨有七斤重者 松子　 ︹ 李時珍本草綱目 ︺ 松子大如柏子惟遼海及雲 南者子大如巴豆可食謂之海松子 ︹ 又 ︺ 海松子出遼 東及雲南其樹與中國松樹同唯五葉一叢者毬內 結子大如巴豆而有三稜惟一頭尖耳久收亦油 ︹ 格 物總論 ︺ 松子二種海松子生新羅如小栗三角其中 仁香美東夷食之當果雲南松子巴豆相似味不及 也 ︹ 檀萃滇海虞衡志 ︺ 松子爲滇果第一中國所產細 不中噉必資於關東三稜而黃滇所產色黑面圓而 底平其松身似靑桐葉五鬣七鬣而深濃高不過一 二丈此結松子之松也毬長一尺火煨而剝之兒童 爭啗如包穀至成熟價不甚高市升僅數十錢 香櫞佛手柑　 ︹ 檀萃滇海虞衡志 ︺ 香櫞佛手柑之大者 直如斗重三四斤皆可生片以擺盤二物經霜不落 "
"3323","雲南通志","0","雲南","NULL","(道光)雲南通志稿二百十六卷卷首三卷","清","道光","","稿二百十六卷卷首三卷","","eastview","0","0","0","0","0","0","1381776","1-物產一","雲南通志　 卷六十七 食貨志六之一　物產一 　三十二 雲南通省上 海虞衡志 ︺ 刺桐花滇名鸚哥花葉如梧而蔽芾花亦 巨而鮮但取其枝插之卽易生如靑桐也本質輕鬆 亦似靑桐官府取以爲杖 ︹ 桂馥札樸 ︺ 永昌順𡨴有木 高數丈葉如桐多刺花色 似紅焦土人謂之鸚哥花以其似鸚哥嘴案卽刺桐 也亦謂之赬桐南方草木狀赬桐花連枝萼皆深紅 之極者俗呼貞桐花赬音之譌是也折其枝插地卽 生 陳鼎滇黔紀游 太和刺桐花開於七月極紅旁映 他樹山 石皆赤 木香花　 ︹ 舊雲南通志 ︺ 有黃白二種 粉團花　 ︹ 舊雲南通志 ︺ 有紅黃白三種 ︹ 檀萃滇海虞衡 志 ︺ 滇俗重木香粉團金鳳小女兒爭戴之木香論圍 粉團論朵金鳳作團插於藁高至盈尺如霞之建標 呼於市而貨之頃刻俱盡 仙人掌　 ︹ 舊雲南通志 ︺ 葉肥厚如掌多刺相接成枝花 名玉英色紅黃實似小瓜可食 金剛纂　 ︹ 舊雲南通志 ︺ 花黃而細土人植以爲籬又一 種形類雞冠 ︹ 談叢 ︺ 滇中有草名金剛纂其幹如珊瑚 多刺色深碧小民多樹之門屏閒此草性甚毒犯之 或至殺人余問滇人植此何爲曰以辟邪耳 ︹ 唐綿夢 餘錄 ︺ 滇緬有木曰金剛纂狀如棕櫚枝幹屈曲無葉 剉以漬水暴牛羊渴甚而飮之人食其肉必死 謹案以上 俱木本 "
"3323","雲南通志","0","雲南","NULL","(道光)雲南通志稿二百十六卷卷首三卷","清","道光","","稿二百十六卷卷首三卷","","eastview","0","0","0","0","0","0","1381778","1-物產一","雲南通志　 卷六十七 食貨志六之一　物產一 　三十四 雲南通省上 色正白舌赤出大理順𡨴出𡨴州者不甚白而香淸 舌碧又一種也曰綠幹綠曰紫幹綠曰馬尾黃色瓣 不分張曰火燒蘭葉長莖短竝出順𡨴又一種出雲 州莖長而花香曰虎頭花最大品亦最下順𡨴又一 種花黃生深箐枯木上五月開曰凈瓶似瓜生石上 兩葉一大一小廣寸許花如雪蘭而小其四時開者 曰素心花小葉纖出昆明又有風蘭根不著土或憑 木石或懸戸牖皆生出普洱開化又有鷺鷥蝴蝶葉 有節花形如鷺如蝶蘭之別子也 ︹ 檀萃滇海虞衡志 ︺ 滇中虎頭蘭蘭中壯巨者花而不香又有風蘭蓄之 煙牕風架乃蕃如仙人掌李厚岡治恩樂搜哀牢山 蘭甚多以木斗運省其奇異之品皆世所未見近檢 張記有神品蘭蓋硃砂蘭也葉似建蘭稍大莖高尺 一莖十餘花色如渥丹香淸洌過諸種開於夏秋閒 本出老撾孟艮土司地新興人善養之蒙化差劣他 郡養之則不花又有雪蘭一莖三花瓣如通艸心吐 微紅葉柔如綿迎年而開秀美怡人滇人蓄蘭多建 蘭魚魫蘭皆來自粤閩非滇產產則虎頭風蘭俱粗 大惟厚岡所得與張君所記皆產自滇一洗虎頭風 蘭之陋 陳鼎滇黔紀游 太和蘭不香 梗葉之大過於閩蘭二十倍 "
"3323","雲南通志","0","雲南","NULL","(道光)雲南通志稿二百十六卷卷首三卷","清","道光","","稿二百十六卷卷首三卷","","eastview","0","0","0","0","0","0","1381831","1-物產三","雲南通志　 卷六十九 食貨志六之三　物產三 　　　十 大理府 出蛇亦殆死瘡差卽更能吞之 蝴蝶會　 ︹ 檀萃滇海虞衡志 ︺ 每年來集圓通寺壁皆滿 後不來者二十餘年辛亥四月朔忽至 大理府 長穗穀　 ︹ 陳鼎滇黔紀遊 ︺ 太和穀穗長至二百八十粒 戎菽　 ︹ 陳鼎滇黔紀遊 ︺ 太和戎菽年前卽采供蔬饌土 人謂之大莞豆 豆豉　 ︹ 大理府志 ︺ 雞足山者佳 鹽　 ︹ 常璩華陽國志 ︺ 靑蛉縣有鹽官 ︹ 一統志 ︺ 鹽浪穹縣 出 謹案靑蛉縣今雲龍 州浪穹縣北境是 茶　 ︹ 舊雲南通志 ︺ 出太和感通寺 ︹ 大理府志 ︺ 感通三塔 皆有但性劣不及普茶 ︹ 徐霞客遊記 ︺ 感通寺茶樹皆 高三四尺絶與桂相似茶味頗佳煼而復曝不免黝 黑 咂魯麻　 ︹ 陳鼎滇黔紀遊 ︺ 鉤藤亦出蒼山以之釀酒名 咂魯麻 蜜雪　 ︹ 大理府志 ︺ 出大理 ︹ 趙州志 ︺ 夏月郡人自蒼山頂 負雪雜以糖蜜水賣之土人爭食以解熱渴 紅花乳扇酥油　 ︹ 大理府志 ︺ 出鄧川州 蒟醬 一名 扶畱 　 ︹ 嵇含南方草木狀 ︺ 蒟醬蓽茇也 ︹ 漢書西南 "
"3323","雲南通志","0","雲南","NULL","(道光)雲南通志稿二百十六卷卷首三卷","清","道光","","稿二百十六卷卷首三卷","","eastview","0","0","0","0","0","0","1381832","1-物產三","雲南通志　 卷六十九 食貨志六之三　物產三 　　十一 大理府 夷傳注 ︺ 師古曰子形如桑椹緣木而生味尤辛今石 渠則有之食讀曰飮 ︹ 一統志 ︺ 扶畱一名蔞子出點蒼 山文選所謂東風扶畱 謹案蒟醬已見統產茲取其 在大理者再錄之意有專重 非重 出也 自然銅　 ︹ 一統志 ︺ 太和縣出 點蒼石　 ︹ 珍玩考 ︺ 大理府點蒼石點蒼山出其石白質 黑文有山水草木狀人多琢以爲屏 ︹ 一統志 ︺ 出點蒼 山唐李德裕平泉莊醒酒石卽此產也 ︹ 劉崑南中雜 說 ︺ 榆石點蒼山所出也鑿頑石深入里餘竭民力而 取之以逼眞入畫者爲佳然佳者卒不槪見也康熙 十二年予常入逆藩便坐見一石屏高六尺寛四尺 餘山水木石與元人筆墨無異或曰此黔𡨴舊物云 ︹ 陳鼎滇黔紀遊 ︺ 蒼山下多文石三塔寺後產者乃佳 餘皆白石而已 ︹ 檀萃滇海虞衡志 ︺ 解爲屏及棹面有 山水物象高督爲十品層巒曡嶂積雨初霽羣山傑 立雪意未晴雪峯千仞巖岫半微水石雲月雲山有 逕淺絳微黃孤嶼平湖各係以詩然景不止此讀張 佳印詩爲禍地方曷有極耶 紙　 ︹ 舊雲南通志 ︺ 有淸水粉紙二色 墨　 ︹ 蘇易簡墨譜 ︺ 雞足山古松心燒烟爲墨最佳 ︹ 舊雲 "
"3323","雲南通志","0","雲南","NULL","(道光)雲南通志稿二百十六卷卷首三卷","清","道光","","稿二百十六卷卷首三卷","","eastview","0","0","0","0","0","0","1381833","1-物產三","雲南通志　 卷六十九 食貨志六之三　物產三 　　十二 大理府 南通志 ︺ 出太和 ︹ 大理府志 ︺ 榆墨通行 ︹ 楊愼烟丸歌 ︺ 雞 足烟丸古松心 龍眠惜之如惜金元霜逼分玉兔窟碧髓近挺靑蛉 岑茅犀截角光自照柏麝却臍香太侵鴻崖歸人故 多幻鶴馭明朝那可 尋莫辭爲我浣霞襟 鬱刃浪劒　 ︹ 唐書南蠻傳 ︺ 鬱刃鑄時以毒藥并冶取迎 躍如星者凡十年乃成淬以馬血以金犀飾鐸首傷 人卽死浪人所鑄故亦曰浪劒 ︹ 樊綽蠻書 ︺ 鬱刃次於 鐸鞘造法用毒藥蟲魚之類又淬以白馬血經十數 年乃用中人肌卽死秘其法麤問得其由 ︹ 又 ︺ 南詔劒 使人用劒不問貴賤劒不離身造劒法鍛生鐵取迸 汁如是者數次烹鍊之劒成卽以犀裝頭飾以金碧 浪人詔能鑄劒尤精利諸部落悉不如謂之浪劒 胭脂　 ︹ 舊雲南通志 ︺ 出雲南縣 靛　 ︹ 舊雲南通志 ︺ 出太和 華布　 ︹ 常璩華陽國志 ︺ 雲南郡出 謹案疑卽桐 華布俟考 洱紅　 ︹ 檀萃滇海虞衡志 ︺ 洱紅出洱海布也女子小兒 多服之銀紅而豓 ︹ 舊雲南通志 ︺ 紅布出雲南縣 高河菜　 ︹ 陳鼎滇黔紀遊 ︺ 蒼山絶頂有高河菜七八月 生紅莖碧葉味辛如芥 ︹ 舊雲南通志 ︺ 出蒼山高河泉 莖紅葉綠味辛香五六月采之不可多得 ︹ 古今圖書 集成 ︺ 若高聲則雲霧驟起風雨卒至蓋高河乃龍湫 "
"3323","雲南通志","0","雲南","NULL","(道光)雲南通志稿二百十六卷卷首三卷","清","道光","","稿二百十六卷卷首三卷","","eastview","0","0","0","0","0","0","1381834","1-物產三","雲南通志　 卷六十九 食貨志六之三　物產三 　　十三 大理府 也 ︹ 桂馥札樸 ︺ 點蒼山有草類芹紫莖辛香可食呼爲 高和菜蓋沿南詔舊名也 蓮花菜　 ︹ 古今圖書集成 ︺ 蓮花菜出大理府洱河東上 滄湖相傳蒙詔時觀音大士化箭鏃所成 百子芋　 ︹ 賈思勰齊民要術 ︺ 百子芋出葉俞縣 ︹ 黃省曾 種芋法 ︺ 葉俞縣有百子芋 甘橘　 ︹ 樊綽蠻書 ︺ 大釐城有之其味酸𡨴睒有橘大如 覆桮 櫻桃　 ︹ 陳鼎滇黔紀遊 ︺ 洱海櫻桃樹極多大數圍高數 十丈白多於紅味酸澀 胡桃　 ︹ 陳鼎滇黔紀遊 ︺ 太和胡桃皮薄如紙 山桃　 ︹ 陳鼎滇黔紀遊 ︺ 太和山桃皮厚可榨油 橄欖　 ︹ 陳鼎滇黔紀遊 ︺ 太和土橄欖生籬落閒如龍眼 色紅黃味同閩中靑橄欖產賓川者大如盌 黃柑　 ︹ 陳鼎滇黔紀遊 ︺ 黃柑產賓川者大如盌 龍女花　 ︹ 黃山志 ︺ 龍女花出大理府太和感通寺樹葉 全似山茶蕊大而香 ︹ 舊雲南通志 ︺ 太和感通寺一株 樹高數丈花類白菜相傳爲龍女所種 ︹ 徐霞客遊記 ︺ 感通寺龍女樹樹從根分挺三四大株各高三四丈 葉長二寸半闊半之綠潤有光花白大於玉蘭亦木 "
"3323","雲南通志","0","雲南","NULL","(道光)雲南通志稿二百十六卷卷首三卷","清","道光","","稿二百十六卷卷首三卷","","eastview","0","0","0","0","0","0","1381836","1-物產三","雲南通志　 卷六十九 食貨志六之三　物產三 　　十五 大理府 錢根生水底莖長六七丈氣淸芬采而烹之味美於 蓴八月花開滿湖湖名茈碧以此 夜合　 ︹ 陳鼎滇黔紀遊 ︺ 夜合樹高廣數十畞枝幹扶疏 曲折開花如小山覆錦被絶非江浙馬纓之比 念珠樹　 ︹ 古今圖書集成 ︺ 念珠樹出大理府每穗結實 一百八枚 ︹ 大理府志 ︺ 念珠樹在城北五十里每穗結 實百八枚昔李賢者寓周城主人其家婦產難賢者 摘念珠一枚使吞之珠在兒手中擎出棄珠之地叢 生珠樹 萆麻　 ︹ 陳鼎滇黔紀遊 ︺ 草麻數十年不彫其木可作梁 棟土人以之搆堂屋 龍爪樹　 ︹ 趙州志 ︺ 花魚洞口有數株干霄直上皮赤如 龍鱗每葉去靑皮梗如龍爪 黑竹　 ︹ 舊雲南通志 ︺ 出浪穹色黑可爲簫管 藥　 ︹ 陳鼎滇黔紀遊 ︺ 太和藥有一百七十七種性良於 他產 連翹　 ︹ 陳鼎滇黔紀遊 ︺ 洱海連翹花遍於籬落黃色可 觀 牛黃　 ︹ 唐書南蠻傳 ︺ 異牟尋獻牛黃 謹案異牟尋國 大理故錄於此 石硫磺　 ︹ 檀萃滇海虞衡志 ︺ 石硫磺滇中各出惟浪穹 "
"3323","雲南通志","0","雲南","NULL","(道光)雲南通志稿二百十六卷卷首三卷","清","道光","","稿二百十六卷卷首三卷","","eastview","0","0","0","0","0","0","1381838","1-物產三","雲南通志　 卷六十九 食貨志六之三　物產三 　　十七 大理府 香貓　 ︹ 楊愼丹鉛總錄 ︺ 予在大理府見香貓如貍其文 如金錢豹此卽楚詞所謂乘赤豹兮載文貍王𨓜注 爲神貍者也南山經所謂亶爰之山有獸焉狀如貍 而有髦其名曰類自爲牝牡食者不妬列子亦云亶 爰之獸自孕而生曰類疑卽此物也 工魚 一作 公魚 　 ︹ 事物紺珠 ︺ 公魚似鰷細鱗長不滿尺有子 美出大理 ︹ 一統志 ︺ 出洱海如鰷而鱗細長不盈尺明 楊愼稱爲魚魁 ︹ 檀萃滇海虞衡志 ︺ 工魚出大理長三 四寸滿腹子可代鮝燉肉而凍之祿勸易龍河亦出 此魚工或作弓南園錄謂應作工工爲江江魚也此 亦牽強蠻名無正字工弓隨用耳 ︹ 楊愼弓魚贊 ︺ 西洱 弓魚三寸其修誰 書以公音是字謬又 哂多子亦孔之羞 大頭魚　 ︹ 陳鼎滇黔紀遊 ︺ 洱海出大頭魚食之皮脫土 人不忌 鯽魚　 ︹ 許纘曾東還紀程 ︺ 洱海魚類頗多視他水所出 更美冬鯽甲於諸郡魏武帝四時食製曰滇池鯽魚 至冬極美 ︹ 楊愼鯽魚贊 ︺ 滇池鯽魚冬月可薦中含 腴白號水母線北客下餐以爲麪纜 油魚　 ︹ 許纘曾東還紀程 ︺ 洱海首有石穴八九月產油 魚人謂水鹹故肥 ︹ 雲龍州志 ︺ 油魚穴在州南二十里 中秋則魚肥長僅二三寸十月望則絶 "
"3323","雲南通志","0","雲南","NULL","(道光)雲南通志稿二百十六卷卷首三卷","清","道光","","稿二百十六卷卷首三卷","","eastview","0","0","0","0","0","0","1381842","1-物產三","雲南通志　 卷六十九 食貨志六之三　物產三 　二十一 臨安府 酸角　 ︹ 李時珍本草綱目 ︺ 雲南臨安諸處有之狀如豬 牙皁筴浸水和羹酸味如酢 玉薇花　 ︹ 臨安府志 ︺ 阿迷冰泉山有玉薇花一本似紫 薇而色純白相傳華則州必有登甲科者屢試皆驗 後爲野火所燒雍正丙午重發一蕊丁未張坦登第 亦異徵也 茶花　 ︹ 臨安府志 ︺ 通海三元宮有茶花一本奇豓異常 月夜姿尤妍妙落時瓣皆仰而不俯明宏治閒貢入 御苑不花後仍發囘本觀始花 槵子　 ︹ 陳鼎滇黔紀遊 ︺ 郡出槵子有銅鐵二種每囊百 八顆銅色者佳黑鹽井亦出不及郡中 木棉樹　 ︹ 高士奇天祿識餘 ︺ 南中木棉樹大盈抱花紅 似山茶而蕊黃花片極厚非江南所藝者雲南阿迷 州有之 檳榔樹　 ︹ 臨安府志 ︺ 樹高十餘丈皮似靑銅節如斑竹 葉如芭蕉花如金粟實纍纍綴於房中土人剖其實 貫以藤風戾而食之佐以扶畱及石灰消宿食袪瘴 癘 金剛纂　 ︹ 滇記 ︺ 碧幹而蝟芒孔雀食之其漿殺人 ︹ 臨安 府志 ︺ 狀如刺桐最毒土人種作籬人不敢觸建水石 "
"3323","雲南通志","0","雲南","NULL","(道光)雲南通志稿二百十六卷卷首三卷","清","道光","","稿二百十六卷卷首三卷","","eastview","0","0","0","0","0","0","1381869","1-物產三","雲南通志　 卷六十九 食貨志六之三　物產三 　四十八 麗江府 曜唐書云吐蕃有天鼠大如貂皮可爲裘正卽此種 特天鼠者蝠蝠之名考未之詳誤以鼯鼠爲天鼠耳 犀　 ︹ 樊綽蠻書 ︺ 尋傅川界亦出犀皮 氂牛　 ︹ 一統志 ︺ 尾可作纓出麗江 ︹ 麗江府志 ︺ 出中甸 山驢　 ︹ 古今圖書集成 ︺ 出劒川 松根豹　 ︹ 余慶遠維西聞見錄 ︺ 大如豹穴地而食松根 毛深細過於豹而穎更燦文如環黑質而白文善走 而嚙人 大羊　 ︹ 樊綽蠻書 ︺ 大羊多從西羌鐵橋接吐蕃界三千 二千口將來博易 大犬　 ︹ 古今圖書集成 ︺ 出麗江卽獒也 謹案一名 獟獅犬 琵琶豬　 ︹ 舊雲南通志 ︺ 出麗江 靑銅魚　 ︹ 一統志 ︺ 出漾共江中細鱗長不盈尺夏月始 出 巖洞魚　 ︹ 鶴慶府志 ︺ 出龍門舍海 石扁頭　 ︹ 鶴慶府志 ︺ 出蜂蜜河 蝦米　 ︹ 舊雲南通志 ︺ 出劒川較他產者尤細膩 雪蛆　 ︹ 陳鼎滇黔紀遊 ︺ 麗江小雪山亦出雪蛆大者如 兔味如乳酥多食口鼻出血 雲南通志卷之六十九 終 "
"3323","雲南通志","0","雲南","NULL","(道光)雲南通志稿二百十六卷卷首三卷","清","道光","","稿二百十六卷卷首三卷","","eastview","0","0","0","0","0","0","1381883","1-物產四","雲南通志　 卷七十 食貨志六之四　物產四 　　　十二 永昌府 二十餘觔貞元十年南詔異牟尋進獻一塊大者重 二十六觔當日以爲罕有也 ︹ 樊綽南蠻記 ︺ 𡨴州沙中 有折腰蜂岸崩則蜂出土人燒治以爲琥珀常見琥 珀中有物似蜂形 ︹ 一統志 ︺ 產緬爨諸西夷地松脂入 地千年所化又云松木精液凝成其中亦有蚊蠛等 形者以火珀及紅杏爲上血珀金珀次之蠟珀最下 又其下者供藥餌而已 ︹ 陳鼎滇黔紀遊 ︺ 騰越出琥珀 ︹ 韋應物詩 ︺ 會得老茯苓元是寒 松液蚊蚋落其中千年猶可覿 瑪瑙　 ︹ 郭義恭廣志 ︺ 瑪瑙出西南諸國 ︹ 陳仁錫潛確類 書 ︺ 瑪瑙今雲南處處有之名土瑪瑙蓋玉之賤者 ︹ 徐 霞客遊記 ︺ 保山縣瑪瑙山一統志言出哀牢支隴余 以爲在東山後今乃知出東山後者爲土瑪瑙惟乾 海子峽橋南者由石穴中鑿石得之其山下臨峽流 上多危崖藤樹倒罨鑿崖迸石瑪瑙嵌其中焉色有 白有紅皆不甚大僅如拳此其蔓也隨之深入閒得 結瓜之處大如升圓如毬中懸爲宕而不黏於石宕 中有水養之其精瑩堅緻異於常蔓此瑪瑙之上品 不可猝遇其常積而市於人者皆鑿蔓所得也其拳 大而堅者價每觔二錢更碎而次者每觔一錢而已 ︹ 一統志 ︺ 出保山縣瑪瑙山巓有紅白色相閒者曰纏 "
"3323","雲南通志","0","雲南","NULL","(道光)雲南通志稿二百十六卷卷首三卷","清","道光","","稿二百十六卷卷首三卷","","eastview","0","0","0","0","0","0","1381886","1-物產四","雲南通志　 卷七十 食貨志六之四　物產四 　　　十五 永昌府 之得佳者緬酋持去元時謂之凸凹石以紅剌爲上 品重一兩二錢値鈔十四萬錠用嵌帽頂累朝寶重 其次淡紅色嬌曰剌深紅石薄色嬌曰避者達黑紅 曰苦刺泥紅帶黑黃曰古木蘭凡四品張含謂須以 紅透者爲寶嘗於王太監處見之比軟紅則黑比硬 紅則乾以予在滇所見皆苦刺泥也而價且巨萬矣 ︹ 陳鼎滇黔紀遊 ︺ 永昌產寶石掘者往往瘴死井中 紅硃　 ︹ 杜祐通典 ︺ 西南夷紅硃卽寶井之石也 ︹ 永昌張 愈光詩 ︺ 勞生害馬貢紅珠暗脛明投獻紫樞 若得泰元憐赤子𨒪移寶井到神都 白玉翠玉黑玉　 ︹ 檀萃滇海虞衡志 ︺ 出蠻莫土司 碧霞璽　 ︹ 檀萃滇海虞衡志 ︺ 一曰碧霞玭一曰碧洗皆 寶石之類出猛密土司中五色俱有以深紅透水爲 最紫黃綠間白色次之白黑二色最下 碧瑱　 ︹ 檀萃滇海虞衡志 ︺ 出孟養土司 ︹ 陳鼎滇黔紀遊 ︺ 騰越出碧玉 印紅　 ︹ 檀萃滇海虞衡志 ︺ 亦寶石之類方徑不過數分 投之大水缸中紅光卽映滿缸以嵌冠上臨陣則矢 石俱不能及敵人望之如見仙佛圓光皆驚怖此其 所貴也 豪豬牙　 ︹ 檀萃滇海虞衡志 ︺ 亦寶石之類取形似而名 "
"3323","雲南通志","0","雲南","NULL","(道光)雲南通志稿二百十六卷卷首三卷","清","道光","","稿二百十六卷卷首三卷","","eastview","0","0","0","0","0","0","1381887","1-物產四","雲南通志　 卷七十 食貨志六之四　物產四 　　　十六 永昌府 也臨陣時以掛胸前矢石不能及故蠻方貴之甚至 以諸寶嵌於頭頂及身以豪長於諸部張君記云寶 井在阿瓦國界井深寒蠻服砒始敢下取石子滿囊 負以上寒戰欲絶每袋謂一旪索價甚昂江右客買 之 水晶等　 ︹ 常璩華陽國志 ︺ 永昌郡有水晶軻蟲蚌珠 ︹ 舊 雲南通志 ︺ 水晶菜玉墨玉硃砂寶砂海金沙與寶石 等俱出猛緬若水晶墨玉諸品尤貴且遠者舊志載 於永昌物產內蓋因其由永昌而來實未考其所自 出姑存其名 璢璃　 ︹ 司馬彪續漢書郡國志 ︺ 哀牢出火精琉璃 ︹ 常璩 華陽國志 ︺ 永昌郡有璢璃 珊瑚　 ︹ 常璩華陽國志 ︺ 博南縣有珊瑚 碁　 ︹ 陳鼎滇黔紀遊 ︺ 永昌出圍碁子光潤如玉琢勝會 城出者 ︹ 一統志 ︺ 永昌之碁甲於天下製法以瑪瑙石 合紫英石研爲粉加以鉛硝投以藥料合煅之用長 鐵蘸其汁滴以成碁有鴉色深黑者最堅次碧綠者 稍脆又蠟色雜色及黑白俱有花者其下也 ︹ 劉崑南 中雜說 ︺ 滇南皆作碁子而以永昌爲第一蓋水土之 別云燒碁之法以黑鉛七十觔紫英石三十觔硝百 "
"3323","雲南通志","0","雲南","NULL","(道光)雲南通志稿二百十六卷卷首三卷","清","道光","","稿二百十六卷卷首三卷","","eastview","0","0","0","0","0","0","1381912","1-物產四","雲南通志　 卷七十 食貨志六之四　物產四 　　四十一 蒙化直隸廳 產於西山 鐵　 ︹ 蒙化府志 ︺ 出西山百里外一本而分剛柔二種因 炭遠硐深採取甚難 石黃雄黃　 ︹ 樊綽蠻書 ︺ 雄黃蒙舍川所出 ︹ 蒙化府志 ︺ 石 母山出 紫石英　 ︹ 蒙化府志 ︺ 出瀾滄江岸 白鹻　 ︹ 一統志 ︺ 舊定邊縣出能去垢 槍箭　 ︹ 樊綽蠻書 ︺ 槍箭多用斑竹出蒙舍白崖詔南山 谷心實圓緊柔細極力屈之不折諸所出皆不及之 棉花紅花　 ︹ 舊雲南通志 ︺ 蒙化出 酥油乳扇　 ︹ 舊雲南通志 ︺ 蒙化出 椒油　 ︹ 陳鼎滇黔紀遊 ︺ 色碧如泉其香如蘭入蔬中食 則沁肺腑溲溺皆馥 莙薘　 ︹ 蒙化府志 ︺ 俗名萬年菜燒炭可浣白衣 雞㙡　 ︹ 陳鼎滇黔紀遊 ︺ 蒙化府產雞㙡菜赤白二種赤 色味絶佳其油甘香可調五味 無花果　 ︹ 蒙化府志 ︺ 不花而實結於枝葉之交乾者可 治喉痺滇畧名曰古度 鎖梅　 ︹ 蒙化府志 ︺ 黃黑二種黑者卽覆盆子 核桃　 ︹ 檀萃滇海虞衡志 ︺ 以漾濞江爲上殼薄可掐而 "
"3323","雲南通志","0","雲南","NULL","(道光)雲南通志稿二百十六卷卷首三卷","清","道光","","稿二百十六卷卷首三卷","","eastview","0","0","0","0","0","0","1382726","1-俗祀一","雲南通志　 卷九十一 祠祀志二之一　　　俗祀一 　十五 大理府 者拱立無敢䙝儼如乾坤一偉人經厯撐持百不折 余來幾度瞻其旁今日蘋蘩春薦香祝神更加倍護 無翦伐天家正 須此材爲棟梁 洱水神祠　 ︹ 舊雲南通志 ︺ 在城東洱河西岸歲春秋二 仲月祭明嘉靖四年大旱副使姜龍禱雨立應重建 歲久朽敝康熙三十二年提督諾穆圖重修 兩司馬祠　 ︹ 陳鼎滇黔紀游 ︺ 城內有兩司馬祠一祀司 馬遷一祀司馬相如漢元封閒遷奉使西征南畧卭 筰昆明相如持節開越巂故皆立祠祀之 海神祠　 ︹ 大理府志 ︺ 在洱河北 ︹ 明一統志 ︺ 南詔異牟尋 復歸唐時立此示不復叛之意 杜公祠　 ︹ 大理府志 ︺ 舊名昭文祠在城南玉局峯麓南 詔建以祀唐杜光庭明嘉靖閒又建萬松望海二樓 於左右久廢 ︹ 太和縣續志 ︺ 今移建府學宮右 蕭公祠　 ︹ 大理府志 ︺ 在城西南城隍廟左 國母祠　 ︹ 太和縣續志 ︺ 在城內大紙房唐元宗以宗女 下嫁異牟尋賜樂一部僖宗以安化公主下嫁隆舜 公主皆賢國人立廟祀之後人題咏云下嫁王姬比 國風多勞聖主息兵戎龜年繼奉和親使歌女應添 老笛工野史稱爲段思平妻桂僊娘娘疑誤 漢白姐祠　 ︹ 太和縣續志 ︺ 在城西北一里祀漢白國帥 "
"3323","雲南通志","0","雲南","NULL","(道光)雲南通志稿二百十六卷卷首三卷","清","道光","","稿二百十六卷卷首三卷","","eastview","0","0","0","0","0","0","1382755","1-俗祀一","雲南通志　 卷九十一 祠祀志二之一　　　俗祀一 四十四 曲靖府 東嶽廟　 ︹ 尋甸州志 ︺ 一名泰山寺在城南門外 土主廟　 ︹ 舊雲南通志 ︺ 在城西十五里土主山 ︹ 馮甦滇 考 ︺ 元大德中滇池有蛟化爲婦以淫人遇神僧趙迦 羅呪黑虎擒之卽土主也明沐英征麓川得神兵助 歸而立廟 火神廟　 ︹ 尋甸州志 ︺ 在城北里許 馬王廟　 ︹ 尋甸州志 ︺ 在城南康熙三十四年副將黎耿 然重修後圮副將曹維城率屬重建 三官廟　 ︹ 尋甸州志 ︺ 一在城東門外二里一在城東十 五里七星橋 山神廟　 ︹ 尋甸州志 ︺ 在城南三里 英烈侯廟　 ︹ 尋甸州志 ︺ 在城東南五十里關嶺上蜀漢 時有行僧靈隱募請於此爲壯繆侯子索立廟 ︹ 舊雲 南通志 ︺ 康熙五十二年地震傾圮五十六年總督蔣 陳錫巡撫甘國璧重修 ︹ 陳鼎滇黔紀游 ︺ 祠前銅馬一 乃唐時物也古柏參天俱大數園 ︹ 南海知縣湘潭張 九鉞馬龍關漢將 相祠桫欏樹行 ︺ 雄關昏黑下攖人哀猿前嗥虎後狺 其上烈風無時息萬壑浩洶來鬼神將相祠前桫欏 立樹勢爭祠倚關急層梯傑閣蟠虛無土官酹酒蠻 僧揖以火照見蒼龍皮高不可極大百圍須臾微月 引我上一詞一狀駭欲飛驚烏將子爭高下雌蜆標 巓蛇走罅四時雷雨變春秋萬刦丹靑歸造化花竿 紫纛莽囘互戰馬弓刀突趨赴不死英雄故國心各 結乾坤爲鬱怒盤旋到頂偃蓋張打頭子粒飛紅香 "
"3323","雲南通志","0","雲南","NULL","(道光)雲南通志稿二百十六卷卷首三卷","清","道光","","稿二百十六卷卷首三卷","","eastview","0","0","0","0","0","0","1382795","1-寺觀一","雲南通志　 卷九十三 祠祀志三之一　　　寺觀一 　　三 雲南府上 興其修葺之心請於□財戒匠集工於其大損者益 之小圮者補之旬月而功成殆見金碧交輝黝堊爭 映煥然爲之一新迺成化甲辰孟冬也其存□哉蓋 欲住鉢於斯者晨鐘暮鼓焚香禮佛祝聖□以廣仲 淵之志業也奚特輕財尙義好善樂施而已耶較諸 得爲而愛財者或相什伯矣彥明乃致敬盡禮徵文 於余意以佛氏之敎與吾儒之道相矛盾難於言索 屢辭弗獲竊謂漢釋攝摩騰自西域白馬䭾經來初 止鴻臚寺剏寺之名始此殊不知佛氏以寂滅爲敎 湼槃以來世人崇尙者吾不知其幾何自古及今其 閒廢興亦不知其幾何也豈若吾儒道在天地眞實 無妄綱維治理不可暫離萬古一日所以孔子之聖 萬代師之春秋廟祀曷嘗有廢而興耶第以忘本而 不之修者衆可怪也已彥明其知報本乎彥明名德 别號西林居士 因記以勒石云 康熙四十五年布政使佟國勷重修 圓通寺　 ︹ 舊雲南通志 ︺ 在城內螺峯山建自蒙氏元延 祐閒重修梵宇幽深石磴旋折囘視龍江環抱北郭 其前則萬家煙火揜映蒼靄爲登覽勝境 ︹ 明巡撫蘭 谿唐龍圓 通寺 ︺ 物外暫招尋惟聞鐘磬音松蘿棲梵影水石定 禪心雲去蒼崖濕僧歸紫徑深滇池風雨至正好聽 龍 吟 ︹ 阮元聲南詔野史 ︺ 圓通洞有蛟爲害盤龍僧建寺 鎭之蛟去水涸名潮音洞 謹案潮音洞在呂祖閣下 康熙五年修洞得龍骨數 十擔龍首上有小鐵㦸二隻法書一 本吳三桂藩下甲兵得之不知所終 ︹ 昆明縣志畧 ︺ 明 成化間重修 ︹ 舊志 ︺ 康熙二十四年總督蔡毓榮重修 ︹ 釋本元游圓通寺 ︺ 春晴諸子約把臂喜同行訪寺斜 穿市看山反入城飛樓雲幻出危徑翠橫生坐撫石 牕下昆池一鑑明 ︹ 陳鼎滇黔紀逰 ︺ 圓通寺名人之題 句甚多俱刻巖石松楸頗盛白雲瀰漫差足㳺覧明 夏言五律一首鐫刻石上其辭曰古寺翠崖陰危亭 絶頂臨鶴巢松有夢雲出岫無心仄徑攀蘿上叢臺 刻竹吟南蠻秋日暝哀響合猿音正德十三年秋七 月五日廣信夏言題按察使静樂李鑾宣圓通寺到 "
"3323","雲南通志","0","雲南","NULL","(道光)雲南通志稿二百十六卷卷首三卷","清","道光","","稿二百十六卷卷首三卷","","eastview","0","0","0","0","0","0","1382804","1-寺觀一","雲南通志　 卷九十三 祠祀志三之一　　　寺觀一 　十二 雲南府上 作其奇地呈其祕人綦其圖三資合而若待以成厥 勝然藉匪元功之翔洽而幽贊也亦曷克臻厥成矣 夫通國之精誠凜重元而積之歴禩歴禩之精誠合 三資而奉之今茲是謂定志是謂謀同於以靈承神 依質之大嶽璇宮規制固一一合者凡諸人士試思 一水一土孰非皇家之毛一孔一竅盡出雙親之裏 登寶搆瞻帝容繹帝訓其濯而心滌而慮爲臣忠必 純其衷爲子孝必完其量暗室屋漏恍如陟降則氣 和於意而應感於神隤祉函蒙必且陰隲行且消陽 九之阨臻大有之祥埽欃槍之妖洗銀河之甲雨䁑 時若干戈載戢荒服奠安皇圖鞏固若諸挾願而祈 者祓而禳者其應如影響者又第二義矣似此崇報 庶幾文皇帝設敎之深意而帝與山靈相爲悠久予 之願其少紓矣乎敬礱石以銘銘曰元同旣剖大道 難醇帝實念之睠茲下民爰顯太和於纏翼軫豈其 井參而殊厥閔林林總總業繕精誠覃爾萌庶迄於 弁纓咸向臣言冀諧廣願幸采羣情藉而攸勸臣謹 稽首北望玉皇虛左以待氣珥瑤光呵護閟靈俶開 佑聖大羅淸都萬眞叶慶謂我求者奚啻人求何蘄 鄯闡中有十洲人謀鬼謀敢爲臣力奉天扶化亦臣 之力庀徒揆日各有司存聖顏咫尺恍叩帝閽侍從 有職香案有吏丹刻翬飛武當可二象設孔闢衆志 闔𡨴莫民護 國億萬斯齡 崇禎十年巡按張鳳翮移之雞足山康 熙九年重鑄 ︹ 陳鼎滇黔紀游 ︺ 一名銅瓦寺在城東十 餘里金馬山西北麓範銅爲瓦覆寺三楹春日游人 畢集 ︹ 總督鄂爾泰登太和宮 ︺ 迎仙橋畔路鸚鵡度驂 騑細徑盤高躅橫枝掠健衣一行奉時令小住 仰仁威銅瓦功勳 碣摩挲認夕暉 環翠宮　 ︹ 舊雲南通志 ︺ 在太和宮右相傳陳用賓曾遇 呂仙於此有詩倡和 霞綺宮　 ︹ 雲南府志 ︺ 在鳴鳳山下煮茶供客鄕人新建 玉泉觀　 ︹ 雲南府志 ︺ 在城東板橋驛 "
"3323","雲南通志","0","雲南","NULL","(道光)雲南通志稿二百十六卷卷首三卷","清","道光","","稿二百十六卷卷首三卷","","eastview","0","0","0","0","0","0","1382853","1-寺觀二","雲南通志　 卷九十四 祠祀志三之二　　　寺觀二 　二十 雲南府下 溪劉臬夜次嵩明州黃龍山寺 ︺ 嵩陽蘭若何年創滇 國行驄此夕來鐘度海雲流下界塔橫山月傍中臺 瑶龕夜靜明星斗玉宇秋淸絶垢埃 獨惜兵餘民未裕西成盈望亦康哉 興龍寺　 ︹ 續嵩明州志 ︺ 在城東鳳儀村 地藏寺　 ︹ 雲南府志 ︺ 在城東月峯里 龍海庵　凈照庵　斗母宮　 ︹ 續嵩明州志 ︺ 竝在城東 阿古龍村 萬善庵　 ︹ 續嵩明州志 ︺ 在城東龍舊村 圓通寺　 ︹ 舊雲南通志 ︺ 在城東十五里大葱山宋時建 明正德中修 朝陽庵　 ︹ 續嵩明州志 ︺ 在城東匡郞沖 妙峯寺　 ︹ 雲南府志 ︺ 在城東二十五里效古里 壽國庵　 ︹ 嵩明州志 ︺ 在城東三十里庵無水僧道心祈 禱卽出名僧泉 海潮寺　 ︹ 舊雲南通志 ︺ 在城東三十里大鼎山明洪武 中建羣山環翠一湖淪漪大有奇觀 ︹ 陳鼎滇黔紀游 ︺ 寺頗淸幽多竹木去寺半里道傍有毒泉碣云此係 毒水飮者傷生 ︹ 總督鄂爾泰返滇抵嵩明海潮寺有 述 ︺ 東土由來只彈丸西歸刹那住璊 珊多情水惹雲千曡有節秋閒竹萬竿圖畫天然臨 碧海叢林自在倚靑巒塵勞暫憩翻知悔不作貍奴 白首看 ︹ 又羣官和過海潮寺詩用原韻申意 ︺ 關塞原 如視掌丸跛行終許笑盤珊常因暫寄三生石歸計 難投六尺竿秋水雙旌驚翠羽斜陽曡樹帶纓巒身 名到底都塵土畱與閒人袖手看 ︹ 常安和少保鄂公 "
"3323","雲南通志","0","雲南","NULL","(道光)雲南通志稿二百十六卷卷首三卷","清","道光","","稿二百十六卷卷首三卷","","eastview","0","0","0","0","0","0","1382860","1-寺觀三","雲南通志　 卷九十五 祠祀志三之三　　　寺觀三 　　二 大理府 尊勝寺　 ︹ 舊雲南通志 ︺ 在城東南月溪村明宏治閒建 大智庵　彌陀庵　 ︹ 大理府志 ︺ 竝在城南門外 普凝寺　 ︹ 舊雲南通志 ︺ 在城南一名無量寺明初汝南 王建 ︹ 陳鼎滇黔紀遊 ︺ 城內大慈大悲文殊普賢藥師 興福而普𡨴最大爲祝聖所 ︹ 大理府志 ︺ 康熙三十二 年提督諾穆圖修易名報國寺 ︹ 太和縣續志 ︺ 嘉慶九 年知縣謝樟重修 大我寺　 ︹ 大理府志 ︺ 在普凝寺南明勅賜爲阿叱力僧 綱司今毁爲尼庵 淸眞寺　 ︹ 大理府志 ︺ 在城南 崇恩寺　 ︹ 大理府志 ︺ 在城南九里卽今藥師寺昔有神 僧乘三角靑牛至此坐化又段思平逃難匿此以門 封蛛網追者疑其𨓜去而返遂免難因建寺 大石庵　 ︹ 太和縣續志 ︺ 在城南十里路西卽婦負石處 石上有閣舊卑小嘉慶十二年迤西道逹明阿重修 海會寺　 ︹ 舊雲南通志 ︺ 在城南龍尾關將軍洞南有普 濟寺覺眞寺 江峯寺　 ︹ 太和縣續志 ︺ 在下關卽天生閣舊址乾隆閒 巡撫鄂 甯 捐建 津梁寺　 ︹ 大理府志 ︺ 在下關東 "
"3323","雲南通志","0","雲南","NULL","(道光)雲南通志稿二百十六卷卷首三卷","清","道光","","稿二百十六卷卷首三卷","","eastview","0","0","0","0","0","0","1382862","1-寺觀三","雲南通志　 卷九十五 祠祀志三之三　　　寺觀三 　　四 大理府 芳樹陰陰曲徑幽泉帶落花飄洞口月明積雪爛巖 頭玉壺瀉酒春凝斚石鼎分茶露滿甌禪院參差三 十六恍疑身 到洞天遊 ︹ 舊志 ︺ 又有寫韻樓鐫明楊愼垂柳篇於 屏上 ︹ 揚州梁嘉稷登寫韻樓拜楊升庵太史像二首 ︺ 中朝太史大名畱遺像猶懸百尺樓誰爲染毫 添頰上自從寫韻臥山頭思君楚澤行吟日去國長 沙痛哭秋我欲招魂臨洱水哀歌翻入古梁州一對 儀容恨有餘蒼山空此好樓居豈圖議禮傳千古翻 趁投荒注六書遼鶴歸來雲散後蜀鵑啼徹月明初 數椽猶似靈光殿 世廟園陵已故墟 ︹ 陳鼎滇黔紀遊 ︺ 明末滇詩人唐大 來薙髪號擔當和尙亦寓此樓樓前白茶花高數十 丈大數十圍花如玉蘭心般紅滇南只此一樹埋條 分種皆不活也 神通寺　 ︹ 大理府志 ︺ 在城南十二里聖應峯之麓爲感 通別院 玉局寺　 ︹ 舊雲南通志 ︺ 在城南玉局峯麓左有唐杜光 庭祠 ︹ 陳鼎滇黔紀遊 ︺ 玉局峯下以唐御史杜光庭爲 伽藍光庭自號靑城居士灌縣人敎授大理始開文 敎 天臺寺　 ︹ 舊雲南通志 ︺ 在城南龍泉峯麓一名祭天臺 ︹ 陳鼎滇黔紀遊 ︺ 相傳龍泉峯下有祭天臺諸葛武侯 征南在蒼洱駐兵數月見玉局峯下鳳皇一雙飛鳴 而過公攬車遍歴榛莽得峭壁石龕三皇五帝像乃 建閣奉像其中而祀之又於石上鑿八卦今尙存焉 "
"3323","雲南通志","0","雲南","NULL","(道光)雲南通志稿二百十六卷卷首三卷","清","道光","","稿二百十六卷卷首三卷","","eastview","0","0","0","0","0","0","1382867","1-寺觀三","雲南通志　 卷九十五 祠祀志三之三　　　寺觀三 　　九 大理府 夫此五物在寺亦有多歴年所累經𣀵故者而獨得 無恙非鬼神呵護之力乎竊見茲土山則九曲翠屏 水則萬頃碧練其融結環抱卽天下奇勝之地無與 爲比寺居山水中央延庚挹辛導夕陽而引秋月殿 榭臺池松筠卉木可息可遊者不可枚數而獨以五 爲計者以五者雖出於人爲而非人之智巧所能到 亦非人力所能存者夫有此山水而無此伽藍有此 伽藍而無此重器不名全勝乃今俱得而觀之自謂 深幸故鐫之貞珉冀後來具正賞者共寶惜焉 ︹ 明副 使秀水吳鵬重修崇聖寺記 ︺ 南中梵刹之勝在蒼山 洱水蒼洱之勝在崇聖一寺雪巒萬仞鏤銀灑翠峙 於其後碧波千頃蓄黛渟膏瀦於其前層臺飛閣紺 殿朱樓接甍連幢交輝萃影與晴嵐暮靄掩映於梧 竹松杉之閒令人一望而神爽飛翔翛然有遺世絶 塵之意寺門三塔亭亭玉柱直上千雲此寰中之僅 見者也危樓百尺鴻鐘在懸聲聞百里鮮有其似塔 頂有𨮯記云貞觀六年尉遲敬德監造則知此寺其 來久遠元世祖南征駐蹕於茲勅土長段氏重修五 百年來頽圮殆盡郡人李內𦒋中谿氏率子弟罄貨 財竭力興復蓋自嘉靖壬寅經始至今癸亥乃得訖 工凡三閣七樓九殿百厦其位置之向背基砌之崇 卑片瓦寸木皆出李公之擘畫釋迦殿九楹爲寺主 殿主殿之後曰現瑞曰毘盧曰極樂曰龍華皆梯磴 而上偉麗深窈巍巍金像互相輝耀左入瑞鶴門則 有不二仙幌天門淸都瑤臺元元三淸之境旁出則 有斗母三元正虛之宮般若之臺右入總持門則有 般若華嚴南泉圓通兜率大士雨花諸院至其最高 處則有月波樓豓雪臺焉此寺之大𦤺也李公勤勞 首尾二十餘年暑笠雨蓑曾無倦色蓋至是而蒼洱 之勝始有歸宿之地矣微李公則山水有遺憾焉昔 唐人纂十道圖以潤之棲霞台之國淸荆之玉泉濟 之靈巖爲四絶若較其形勝恐四寺有所不及也惜 其僻在西陲軺幰鮮經騷墨寡及所幸挺靈鍾秀得 若人以發揮之茲固造物者默有意於其閒矣余昔 督學南中嘗與李公同遊賦詩乘月而歸至今時或 夢見適承書來欲余作記余掩書囘首不覺灑然如 執熱者之濯淸泉遂紀昔年所見與今所成就之大 畧以爲寺記云 ︹ 陳鼎滇黔紀遊 ︺ 崇聖寺又名三塔寺 在郡北五里三塔矗峙隔洱海百餘里輒望見中塔 正方甎石甃成高四十八丈十六級絶頂四角範四 "
"3323","雲南通志","0","雲南","NULL","(道光)雲南通志稿二百十六卷卷首三卷","清","道光","","稿二百十六卷卷首三卷","","eastview","0","0","0","0","0","0","1382869","1-寺觀三","雲南通志　 卷九十五 祠祀志三之三　　　寺觀三 　十一 大理府 二十弓許東流入洱海寒泉淸洌可飲可濯時雨乍 晴飛瀾走湍泠然可聽溪之旁多秀石香草翠肌而 玉脈碧葉而金花好事者往往取爲軒牕之玩由溪 而入榛莽蒙翳路若窮然思欲囘屨忽聞絶壁峭巖 之閒有人聲知爲幽勝之所遂披藤捫蘿且歇且進 歴幽巒躡石磴翛然若飄浮騫騰則身已在萬頃雲 上矣流盼容與愈進愈佳松濤響空蘭氣襲人乃忘 其向之疲也行可數里兩山豁然奇秀曡出中有龍 象之宮數緇衣導余以入燒枯松煑寒泉有名龍苑 庵者搆於風篁雲木之杪海霞島雲來吾目中天風 虛嵐牽衣縈髪予卽牀跏趺對僧無語不覺時移而 夕陽在木末矣余樂安佚愛淸潔故自髻歲已抱塵 表之想以時多乖不克旣遂重蒙伯父皇上拯余於 萬死之中置之極安之地心怡身榮故得探此勝事 亦足以愜素懷譬池魚籠鶴遊泳翺翔於巨壑靑冥 向之所謂潔淸者其或庶幾乎噫蘭亭不遇右軍則 修竹蕪於榛棘淸流混於汙池矣是峯也使余不記 其梗槪則山川秀氣湮沒於遐陬將來豈不爲雲林 之愧 歟 寺之上有曬經坡廣三百步不生草木 ︹ 一統志 ︺ 世傳唐三藏曬經處 陳鼎滇黔紀遊無爲寺在蘭峯 半巉巖峭壁行茂林數里兩山 豁然中開從絶礀左折入寺有石樓寛三十丈摳衣 登之洱海雪山近在几席有香桫五株大百圍高八 九十丈太古時物也昔有二十餘樹喪亂時爲玀爨 伐盡此僅存者 ︹ 明都督沐璘遊無爲寺 ︺ 白石磷磷積 翠巒林花深處有茅庵煑茶迎客煙生竈劚筍出山 雲滿籃香爇龍涎淸沴氣壁懸麈尾罷禪談野禽不 斷人來往驚觸巖花下碧潭 ︹ 知府黟縣黃元治遊無 爲寺四首 ︺ 寺踞蘭峯麓行來似半山崖懸新雪水雲 臥古松關樓影池中倒鐘聲竹轉灣焚香供客坐振 錫老僧還出殿沿墻轉閒房處處幽路盤巖絶頂人 坐樹高頭雪嶂背孤日海天吞一樓山僧容把盞欲 去復淹畱山傳元世祖駐蹕有遺臺南徼兵聲冷中 原殺氣囘衮龍歸海水鐵馬剩蒿萊悵望姚公茂城 樓返照來陰巖寒氣逼懶上曬經坡玉磬碑安在香 桫樹可摩僧茶秋雪煑佛座水 雲窩幽興忘歸去投林鳥奈何 救疫寺　 ︹ 舊雲南通志 ︺ 在無爲寺上內有井世傳共水 "
"3323","雲南通志","0","雲南","NULL","(道光)雲南通志稿二百十六卷卷首三卷","清","道光","","稿二百十六卷卷首三卷","","eastview","0","0","0","0","0","0","1382886","1-寺觀三","雲南通志　 卷九十五 祠祀志三之三　　　寺觀三 二十八 大理府 寂照寺　 ︹ 舊雲南通志 ︺ 在城西二十里僧宗保建有巖 龕乃師證道之所 龍泉寺　 ︹ 大理府志 ︺ 在城西三十里 高興寺　 ︹ 舊雲南通志 ︺ 在城西一百里金龍湫側寺後 巨石上有牛足竝龍蟠跡 紹補寺　 ︹ 大理府志 ︺ 在金龍湫之北 傳衣寺　 ︹ 舊雲南通志 ︺ 在城西北八十里雞足山相傳 昔釋迦佛以僧伽梨衣付弟子迦葉波以待彌勒迦 葉持衣於雞足山入定以此名今稱華首門卽其處 也北有淨雲庵東北爲八角庵後爲彌勒庵圓通庵 自淨雲而北爲般若庵菩提場折而西爲五華庵圓 淨庵大乘庵龍華寺前爲了空庵南爲雲海庵海會 庵白石庵庵東有彌勒寺東北爲鉢盂寺大士庵東 南爲白水庵西南爲淨覺庵其頂有舍利塔曹溪庵 護法堂慧靈庵北麓寺奉眞院普光寺皆雞足山之 名刹也 ︹ 陳鼎滇黔紀遊 ︺ 雞足山頂有石門佛大弟子 摩訶迦葉秉釋迦衣鉢入定於此候慈氏佛 下生乃入涅槃逢歲朔四方緇素進香自漢迄今不 絶大刹七十二所蘭若三百六十小庵無算傳衣羅 漢迦葉寂光放光五大寺最著每寺千衆或數百衆 不等皆刀耕火種爲食僧多卷毛鉤鼻深目穿耳卽 曩在五臺京師及江浙閩粤所見乞食羅漢也頗知 漢語 ︹ 刑部侍郞靑浦王昶自石淙寺至華首門禮大 迦寺竝遊悉檀諸寺讚佛頌 ︺ 覺海本圓明緣空世界 設金輪妙合凝河嶽乃分別域外四名山雞足居其 "
"3323","雲南通志","0","雲南","NULL","(道光)雲南通志稿二百十六卷卷首三卷","清","道光","","稿二百十六卷卷首三卷","","eastview","0","0","0","0","0","0","1382889","1-寺觀三","雲南通志　 卷九十五 祠祀志三之三　　　寺觀三 三十一 大理府 記 ︺ 寺上直迦葉石門余三度來遊在冬春不見光相 此來正當六月見大圓光倚立玉池之上外暈七重 每重五色環中虛明如鏡凝觀者各見自身現於鏡 中毛髪可數衆人同立止見己身不見旁人 袈裟寺　 ︹ 舊雲南通志 ︺ 在雞足山一名迦葉殿 ︹ 陳鼎滇 黔紀遊 ︺ 在雞足之半無三十年不火 石鐘寺　 ︹ 舊雲南通志 ︺ 在雞足山之阿其懸巖扣之如 鐘 ︹ 李元陽遊記 ︺ 寺乃雞足山總會處東南有瀑布寺 據山之阿 悉檀寺　 ︹ 舊雲南通志 ︺ 在雞足山大龍潭之上 銅瓦殿　 ︹ 舊雲南通志 ︺ 在雞足山華首門東 報國寺　 ︹ 大理府志 ︺ 在城北門內 圓覺寺　 ︹ 大理府志 ︺ 在城北五十里 崇福寺　 ︹ 大理府志 ︺ 在大場曲 津梁寺　 ︹ 大理府志 ︺ 在令字屯 雲龍州 玉皇閣　 ︹ 舊雲南通志 ︺ 在城東一里 ︹ 大理府志 ︺ 一在放 光寺上一在諾鄧井 斗母閣　 ︹ 大理府志 ︺ 在城東河東僧覺崇修 三元閣　 ︹ 大理府志 ︺ 在城東砥柱橋南有觀音閣 "
"3323","雲南通志","0","雲南","NULL","(道光)雲南通志稿二百十六卷卷首三卷","清","道光","","稿二百十六卷卷首三卷","","eastview","0","0","0","0","0","0","1386560","1-紀載滇事之書下","紀載滇事之書下 南中雜說劉崑撰 庭聞 錄序 崑字西來吉安人進士 謹案庭 聞錄崑 爲順治己 亥進士 康熙初官雲南府同知 謹案庭聞錄崑於 康熙十一年山束 鹿縣知縣 擢是職 吳三桂叛崑執節不屈安置騰越後大兵 定滇擢常德府知府 騰越 州志 謹案謝聖綸滇黔志畧引南中雜說凡四條但云撰 於 國初不言崑作說中有康熙十二年予嘗入逆藩便坐 　語蓋作於三桂旣叛以後也惟劉健庭聞錄自序稱 其父先中憲公居永昌日曾著吳三桂傳及滇變記 二種己未歲封稾於壁中人寶臺山避兵踰年返求 故居滿目蓬蒿南中雜說雖行世視所失稾十之一 耳據此則南中雜說實崑所撰健所言滇變記已久 無傳本吳三桂傳師範滇繫載之注爲無名氏撰傳 稱三桂曾殮永歴遺骸藳葬雲南府城外與庭聞錄 揚永歴骸骨於菜海子異又稱移藩時三桂就道數 日稱疾不起亦與庭聞錄卽日營歸化異且三桂之 死錄與傳尤多不同是滇繫所載之傳非崑所撰者 健旣稱封稾已失亦遂不著於錄而第著南中雜說 焉 滇黔紀游二卷陳鼎撰鼎字定九江陰人是編爲其客 游滇黔時所紀上卷紀黔下卷紀滇於山川諸勝敘 述頗爲有致而不免偶出鄙語又記楚雄姚安開化 三郡曰余徧游三郡別時各有遺贈土儀之盛餽贐 之豐有多至百金者云云其言殊陋又如記三塔寺 "
"3323","雲南通志","0","雲南","NULL","(道光)雲南通志稿二百十六卷卷首三卷","清","道光","","稿二百十六卷卷首三卷","","eastview","0","0","0","0","0","0","1386691","1-金石上","金石上 三代以上勒銘彝鼎秦漢以來始刻石紀功金石之 傳舊矣而著爲成書則肇自歐陽修集古錄趙明誠 洪适等繼之近王昶金石萃編孫星衍寰宇訪碑錄 最稱精當由是志書均備一類盖藉以考古人沿革 事蹟足補史乘之闕滇雖僻在西南金石較少然自 爨碑而下鐘柱碑銘款識代有流傳其隸古之法有 非後人所能摹擬者今掇拾爲一編縮本繪圖附入 藝文志中庻博古之士亦因有所考云 夏 禹碑　 ︹ 舊雲南通志 ︺ 有二一在安𡨴州東法華寺石壁 一在太和縣南一塔寺皆明嘉靖閒楊愼摹刻原碑 在南岳岣嶁山祝融峯皆科斗古篆 ︹ 雲南府志 ︺ 在安 𡨴州東十里洛陽山 ︹ 陳鼎滇黔紀遊 ︺ 宏聖寺在大理 府西二里寺前有楊升庵摹刻禹碑 ︹ 舊雲南通志 ︺ 碑 卽韓昌黎恨未 之見者楊愼得衡山墨本釋之中有四字未詳夢黃 衣魚首人曰此南續衍亨也因重摹於巨石上較湖 廣本尤妙 ︹ 楊愼升庵文集 ︺ 禹碑在衡山絶頂韓文公 詩云岣嶁山尖神禹碑字靑石赤形模奇科斗拳身 薤倒披鸞漂鳳泊拏虎螭事嚴跡閟鬼莫窺道士獨 上偶見之我來咨歎涕連洏千搜萬索何處有森森 "
"3323","雲南通志","0","雲南","NULL","(道光)雲南通志稿二百十六卷卷首三卷","清","道光","","稿二百十六卷卷首三卷","","eastview","0","0","0","0","0","0","1386705","1-金石上","雲南通志　 卷一百九十五 藝文志三之一　金石上 　十五 屯據要害萬歲皆擊破之行數百里見諸葛亮紀功 碑銘其背曰萬歲之後勝我者過此萬歲令左右倒 其碑而進 ︹ 張道宗記古滇說 ︺ 史萬歲令左右倒其碑 見座下刻石在內曰隋開皇十九年將軍史萬歲過 此重扶其碑 謹案此言刻石文與北史不同又阮元 聲南詔野史作史萬歲復立吾碑陳鼎 滇黔紀遊作史萬歲不 得仆吾碑又與此不同 遂重立之惶恐再拜而進 南𡨴諸葛碑　 ︹ 樊綽蠻書 ︺ 石城川味縣故地也開元初 改爲南𡨴州州城中有諸葛亮所撰文立二碑背上 篆文曰此碑如倒蠻爲漢奴近年蠻夷以木搘拄 謹 案 新唐書南蠻傳廣德初鳳伽異築拓東城諸葛石刻 故在文曰碑卽仆蠻爲漢奴夷畏誓常以石搘捂考 南𡨴州卽今南𡨴縣地拓東城卽今省城蠻書與唐 書互異未知孰是舊志謂此碑在雲南府城東二里 舊漢營則從新唐書今 碑無存無從考定矣 永昌諸葛碑　 ︹ 樊綽蠻書 ︺ 龍尾城西弟七驛卽永昌也 昔諸葛征永昌於此築城今江西山上有廢城遺跡 及古碑猶存亦有神廟存焉 諸葛鉤　 ︹ 阮元諸葛鉤考 ︺ 道光十年迤西銅廠掘山地 得石匣匣蓋有諸葛字開之蓋卽碎爛匣內有銅兵 器二十四件皆如刀予見其一約長二尺如刀而寬 其首迴屈如鉤亦銛鉤內外皆有刃其下有枘柄之 橢圓牝予定爲漢鉤楊雄方言謂㦸之屈者鉤諸葛 "
"3323","雲南通志","0","雲南","NULL","(道光)雲南通志稿二百十六卷卷首三卷","清","道光","","稿二百十六卷卷首三卷","","eastview","0","0","0","0","0","0","1386706","1-金石上","雲南通志　 卷一百九十五 藝文志三之一　金石上 　十六 亮委蒲元鑄刀三千今之屈耳環者其遺制又梁書 陸法和蜀及白帝城插據云此下必掘得諸葛鏃掘 之得箭鏃一斛據此之鉤本蜀漢物武侯亦常有鑄 兵埋兵之事所謂屈耳環者或卽此焉今關廟之刀 皆曰關刀較此形畧同特此鉤上屈耳 諸葛八卦石　 ︹ 陳鼎滇黔紀遊 ︺ 昔諸葛武侯征南在蒼 洱駐兵數日於石上鑿八卦今尙存焉 孔明印　 ︹ 舊雲南通志 ︺ 在趙州東南定西嶺西崖鐫刻 印篆傳爲武侯所遺土人以硃印其跡佩之可以治 瘧 諸葛寨石壁　 ︹ 舊雲南通志 ︺ 在鄧川州東三十里地名 豪豬洞石壁上有龍形日月星辰之文人馬揮霍之 狀層見曡出如雕刻然武侯擒孟獲於銀坑洞卽此 ︹ 鄧川州志 ︺ 南中志載諸葛南征爲蠻作圖譜先畫天 地日月次畫神龍牛馬後畫乘馬幡蓋及牽牛負酒 之像此殆其遺跡乎 諸葛石碣　 ︹ 劉健庭聞錄 ︺ 康熙二十年七月馬寶踞天 城山我師攻賊窠樵採得一石碣大書深刻文曰馬 到天城兵自散漢丞相武鄕侯諸葛亮題 定遠諸葛斷碣　 ︹ 定遠縣志 ︺ 廢光法寺相傳武侯南征 "
"3323","雲南通志","0","雲南","NULL","(道光)雲南通志稿二百十六卷卷首三卷","清","道光","","稿二百十六卷卷首三卷","","eastview","0","0","0","0","0","0","1386757","1-金石下","金石下 唐下 曲靖舊碑　 ︹ 樊綽蠻書 ︺ 從石門東第九程至魯望卽蠻 漢兩界舊曲靖之地也曲州靖州廢城及邱墓碑闕 皆在 金馬碑　 ︹ 張道宗紀古滇說 ︺ 保和八年 謹案卽唐 太和五年 昭成 王卒善闡東京樹碑於金馬以紀方物 崇聖寺鐘款識　 ︹ 陳鼎滇黔紀遊 ︺ 崇聖寺在大理府北 五里鐘二各重十萬斤南詔建極十三年造 謹案鐘 款識記 建極十二年此 作十三年誤 乃唐咸通年也 ︹ 桂馥札樸 ︺ 南詔傳坦 綽酋龍僭稱皇帝建元建極自號大理國案事在宣 宗旣崩之後懿宗卽位之初當是咸通元年今太和 崇聖寺大鐘有建極年 ︹ 號 杜鈞崇聖寺鐘款跋 ︺ 銅鐘 高丈餘在大理府崇聖寺 前樓鑄作兩層上層鐫金剛智寶大輪妙法勝業梵 響波羅密下層鐫增長大梵廣目多聞天王帝釋持 國各天王像末鑄建極十二年建蓋南詔世隆年號 在唐武宗懿宗僖宗時也 ︹ 王昶金石萃編 ︺ 案崇聖寺 在大理府城西北蓮花峯下雲南通志稱寺有觀音 像高二丈四尺唐蒙氏時董善明鑄又稱唐天寶閒 崇聖寺僧募造大士像未就夜驟雨旦起視之溝澮 皆流銅屑卽用鼓鑄立像高二十四尺如吳道子所 畫細腰跣足像成白光彌覆三日夜云云而不及鑄 鐘之事此鐘但詳年月亦不言鑄者何人鐘爲建極 "
"3323","雲南通志","0","雲南","NULL","(道光)雲南通志稿二百十六卷卷首三卷","清","道光","","稿二百十六卷卷首三卷","","eastview","0","0","0","0","0","0","1386768","1-金石下","雲南通志　 卷一百九十六 藝文志三之二　金石下 　十二 子　　　朔　　十 四　　　日　　癸 丑　　　建　　立 洱海地劵　 ︹ 白古通 ︺ 滇初爲邪龍所據觀音大士以法 制之乃歸其地今大理巖石上有紋若篆籕云卽邪 龍輸地劵 ︹ 明一統志 ︺ 在洱河羅筌寺南赤文島有大 篆數十字今莫辨也 ︹ 李元陽西洱河志 ︺ 羅筌山南島 上有石刻如古篆世傳是大士買地劵 ︹ 陳鼎滇黔紀 遊 ︺ 大理府爲天竺之妙香國初屬羅刹相傳觀音大 士從中印土來登點蒼山巓化其地結廬勒劵刻洱 海石壁字跡宛然 會盟碑　 ︹ 阮元聲南詔野史 ︺ 官渡市有碑蒙氏摩訶嵯 會盟立 ︹ 舊雲南通志 ︺ 官渡廢縣在昆明縣東南二十 "
"3323","雲南通志","0","雲南","NULL","(道光)雲南通志稿二百十六卷卷首三卷","清","道光","","稿二百十六卷卷首三卷","","eastview","0","0","0","0","0","0","1386791","1-金石下","雲南通志　 卷一百九十六 藝文志三之二　金石下 三十五 大雲寺舊碑　 ︹ 舊雲南通志 ︺ 華嚴寺在安𡨴州南舊三 泊縣一名大雲寺元僧大雲建明正德中僧古庭寓 其內夢大士告曰木墀樹下有碑試掘之果得大雲 舊碑 方圓塔字　 ︹ 舊雲南通志 ︺ 在羅平州西六十里竜甸村 元梁王建一方一圓上有篆字 ︹ 羅平州志 ︺ 字體有類 古篆莫能辨識或云卽宛溫縣舊址今塔頽 黃華老人詩石刻　 ︹ 舊雲南通志 ︺ 在大理崇聖寺元翰 林王庭筠自號黃華老人明郡人李中谿得其遺筆 詩刻於石上筆意古勁士林咸珍之 ︹ 大理府志 ︺ 士君 子往往集其字爲聯句 ︹ 陳鼎滇黔紀遊 ︺ 草書在崇聖 寺中字大如椀筆法飛舞相傳以檳榔殼醮墨書者 老人爲宋元閒人自江右來住久仙去四絶句甚佳 其辭曰王母祠東古佛堂人傳棟宇自隋唐年深寺 廢無僧住滿谷西風栗葉黃手拄一條靑竹杖眞成 日掛百錢遊夕陽欲下山更好深林無人不可留帝 遣名山護此邦千家瑟瑟嵌西窗山僧乞與山前地 招客先開四十雙掛鏡臺西掛玉龍半山飛雪舞天 風寒雲直上三千尺人道高歡避暑宮 ︹ 李元陽題跋 ︺ 右詩金翰林 修撰王庭筠書庭筠字子端河東人登大定十六年 進士章宗明昌元年召試館職中選尋罷歸路出隆 "
"3323","雲南通志","0","雲南","NULL","(道光)雲南通志稿二百十六卷卷首三卷","清","道光","","稿二百十六卷卷首三卷","","eastview","0","0","0","0","0","0","1387322","1-古蹟一臺榭勝蹟附","雲南通志　 卷二百九 雜志一之一　古蹟一 　　　　六 雲南府 謹案詳 金石 上覆以閣昔人折其頂黑氣直射而出因封 之如故 白塔　 ︹ 舊雲南通志 ︺ 在城東三里通衢中元萬慶寺塔 也今寺廢塔存 穿心塔　 ︹ 舊雲南通志 ︺ 在官渡俗傳有螺爲魅建此鎭 之其處有山周一里許皆螺殼積成居民平地掘井 深二丈餘亦皆螺殼竝無雜土 大德寺雙塔　 ︹ 昆明縣採訪 ︺ 在城內祖遍山大德寺內 明成化九年建 金蟬關碑　 ︹ 舊雲南通志 ︺ 在城西羅漢山明楊愼書王 襃移金馬碧雞文於上 ︹ 張佳印遊太華記 ︺ 過南庵道 右一碑刻漢王子淵祀金馬碧雞文隸法雅有漢體 蓋楊太史移鐫者 ︹ 師範滇繫 ︺ 漢宣帝用方士言遣諫 議大夫王襃往益州求金馬碧雞至蜀道阻乃爲文 望祀之楊升庵鐫置太華山南崖且題曰爰糾漢字 用彪漢詞滇之文獻尙考於斯 謹案明以後碑碣金石 不載依舊志附列於此 螺峰刻石　 ︹ 陳鼎滇黔紀遊 ︺ 螺峰在省城東北隅倚山 建圓通寺頗多亭榭名人題句甚多俱刻巖石夏桂 洲有五言律一首鐫刻石上其辭曰古寺翠崖陰危 "
"3323","雲南通志","0","雲南","NULL","(道光)雲南通志稿二百十六卷卷首三卷","清","道光","","稿二百十六卷卷首三卷","","eastview","0","0","0","0","0","0","1387349","1-古蹟一臺榭勝蹟附","雲南通志　 卷二百九 雜志一之一　古蹟一 　　三十三 雲南府 址尙存 梭沙坡　 ︹ 嵩明州志 ︺ 在城東南三十五里沙橋旁其地 多沙從山穴中流出明使臣吳雲遇害於此 得食村　 ︹ 嵩明州志 ︺ 在城西三十里邵甸世傳建文帝 至此饑甚有田夫獻食帝喜曰得食矣遂以名村 毒泉碣　 ︹ 陳鼎滇黔紀遊 ︺ 大鼎山有海潮寺 謹案在嵩 明州東三 十 里 去寺半里有毒泉碣云此係毒水飮者傷生 ︹ 滇行 紀程 ︺ 嵩明州塔山其石自麓至頂纍纍俱靑鐵色天 台萬馬渡不及也前行有毒泉碑相傳有奇樹生于 此名曰白鶴香每歲花時各山毒蛇鳩鳥皆集樹下 泉流其旁人飮輒死今樹已伐行者猶相戒焉 ︹ 嵩明 州志 ︺ 在大鼎山下正書此係毒泉飮者傷身旁注萬 厯庚子歲飮者連斃二人奉按察司江立表識之二 十字 謹案按察司江名和 鄱陽人萬厯間副使 乞降碑　 ︹ 嵩明州志 ︺ 在城東十五里萬厯三十五年何 源金爲貴等與叛賊楊禮戰勝之賊乞降因立石今 碑猶存 振遠亭　 ︹ 嵩明州志 ︺ 在城南門外明萬厯十三年孽龍 雨雹傷禾知州余化龍建塔鎭之後圮復雹康熙四 十五年署知州魯朝俊就其址建亭代之四十九年 "
"3323","雲南通志","0","雲南","NULL","(道光)雲南通志稿二百十六卷卷首三卷","清","道光","","稿二百十六卷卷首三卷","","eastview","0","0","0","0","0","0","1387359","1-古蹟二臺榭勝蹟附","雲南通志　 卷二百一十 雜志一之二　古蹟二 　　　七 大理府 後有御跋又令諸翰林大臣皆作詩送歸今宸翰已 不存而詩碑猶當時所鐫者 ︹ 舊雲南通志 ︺ 感通寺有 明大祖御製詩十八章贈僧無極今存 玉磬碑　 ︹ 楊愼遊點蒼山記 ︺ 無爲寺 謹案在太和縣 西北蘭峯之北 有 汝南王碑 謹案汝南王 名朱有勳 聲如玉磬淸越可聽 ︹ 何鏜遊 點蒼山記 ︺ 汝南王紀遊玉磬碑燬於火 ︹ 舊雲南通志 ︺ 在無爲寺側 ︹ 大理府志 ︺ 其上石品最佳聲如戛玉故 名今不存 山海大觀石刻　 ︹ 陳鼎滇黔紀遊 ︺ 崇聖寺在大理北五 里有三塔金鵝諸名勝黔國公楷書山海大觀四字 文石𨯳石一字縱橫四丈四石立塔前如屏 平章碑　 ︹ 舊雲南通志 ︺ 在太和縣西北蒼山應樂峯 謹案石刻首列平章風月四字兩旁直書嘉靖壬戌 中溪居士左右各四字次又橫列醉臥二字左右直 書雙門一曲調千日幾人知十字下旁有蜀子方三 字皆大字如額聯式其中閒字稍小俱漫滅內有淸 風明月等字猶彷彿可辨似是題咏詩次又橫列　 尊二大字下書嘉靖壬戌秋葉楡諸君同遊點蒼山 麓因磐石效東坡作　尊焉二十六字字差小餘俱 磨滅難識外猶有仙局枕石等字蓋李元陽紀遊題 名之 石也 崇聖寺重器可寶者碑　 ︹ 太和縣採訪 ︺ 在縣西北嘉靖 庚申冬月賜進士知荆州府事前翰林院庶吉土監 察御史郡人中谿覺林居士李元陽仁甫撰素心道 "
